Site,Transmitter Easting,Transmitter northing,Capacite_theorique,Capacite_th,Site_Population,Population/Capacity
22001_001,216304.35,2379168.14,> 240 Mbps,240,2186,9.108333333333333
22004_002,184600.0,2418380.0,> 450 Mbps,450,4039,8.975555555555555
22007_003,218859.75,2413778.09,> 450 Mbps,450,4627,10.282222222222222
22013_001,191596.83,2399739.93,> 450 Mbps,450,1612,3.582222222222222
22020_001,258690.01,2378074.98,> 450 Mbps,450,2644,5.875555555555556
22021_001,272246.9,2385217.49,> 450 Mbps,450,2375,5.277777777777778
22030_001,179176.0,2427410.0,> 450 Mbps,450,2056,4.568888888888889
22032_001,267708.36,2376471.32,> 450 Mbps,450,2011,4.4688888888888885
22032_002,264230.77,2374383.68,> 450 Mbps,450,607,1.3488888888888888
22033_002,200890.0,2371810.0,> 240 Mbps,240,949,3.9541666666666666
22039_002,227807.0,2360508.0,> 240 Mbps,240,1200,5.0
22042_002,183263.13,2433879.27,> 450 Mbps,450,2326,5.168888888888889
22044_001,236393.99,2397691.96,> 450 Mbps,450,3620,8.044444444444444
22046_001,238055.1,2378181.37,> 240 Mbps,240,1501,6.254166666666666
22046_002,247310.78,2376967.93,> 450 Mbps,450,899,1.9977777777777777
22047_001,201095.0,2381260.0,> 240 Mbps,240,2312,9.633333333333333
22048_001,266573.04,2397184.9,> 450 Mbps,450,1286,2.8577777777777778
22050_002,274554.77,2393463.81,> 1 Gbps,1000,5283,5.283
22051_001,253600.0,2386206.0,> 240 Mbps,240,2300,9.583333333333334
22052_001,170635.22,2390516.62,> 450 Mbps,450,3895,8.655555555555555
22054_001,247248.99,2413802.05,> 450 Mbps,450,4209,9.353333333333332
22055_001,218105.82,2416689.72,> 240 Mbps,240,4526,18.85833333333333
22056_001,283112.51,2386060.84,> 450 Mbps,450,2756,6.124444444444444
22062_001,241956.29,2366390.8,> 240 Mbps,240,308,1.2833333333333334
22070_001,195147.0,2410831.0,> 450 Mbps,450,7259,16.13111111111111
22076_001,251647.02,2405360.49,> 450 Mbps,450,1370,3.0444444444444443
22077_001,248693.0,2402783.0,> 450 Mbps,450,1164,2.5866666666666664
22079_002,228943.87,2386873.85,> 450 Mbps,450,1341,2.98
22084_005,255450.0,2389970.0,> 450 Mbps,450,1079,2.397777777777778
22084_006,256978.01,2391169.99,> 240 Mbps,240,879,3.6625
22088_001,189763.09,2393986.78,> 240 Mbps,240,1009,4.204166666666667
22093_004,242566.27,2394909.19,> 450 Mbps,450,7917,17.593333333333334
22097_001,266424.75,2390810.69,> 450 Mbps,450,1660,3.688888888888889
22100_001,231810.0,2376100.0,> 240 Mbps,240,2161,9.004166666666666
22106_002,226208.67,2400386.55,> 240 Mbps,240,2804,11.683333333333334
22106_004,228696.67,2399262.53,> 450 Mbps,450,3658,8.12888888888889
22113_001,172607.42,2429959.14,> 450 Mbps,450,5800,12.88888888888889
22113_006,170554.0,2433038.0,> 450 Mbps,450,943,2.0955555555555554
22113_008,173118.0,2434911.0,> 450 Mbps,450,953,2.117777777777778
22113_009,173805.96,2432505.39,> 450 Mbps,450,2299,5.108888888888889
22113_010,174207.66,2430515.62,> 240 Mbps,240,3440,14.333333333333334
22113_011,175332.17,2430768.16,> 450 Mbps,450,2268,5.04
22117_001,213540.36,2412329.85,> 240 Mbps,240,1784,7.433333333333334
22118_002,278669.8,2390866.71,> 1 Gbps,1000,2515,2.515
22121_001,207803.0,2418012.0,> 450 Mbps,450,7584,16.85333333333333
22122_001,238883.16,2366171.45,> 450 Mbps,450,872,1.9377777777777776
22123_001,274109.22,2391688.26,> 450 Mbps,450,11147,24.77111111111111
22127_001,199824.85,2435566.06,> 450 Mbps,450,3851,8.557777777777778
22131_001,170025.0,2407910.0,> 240 Mbps,240,678,2.825
22134_001,178799.17,2436487.71,> 450 Mbps,450,4273,9.495555555555557
22135_003,182478.67,2411359.14,> 240 Mbps,240,1473,6.1375
22136_001,221553.53,2365352.14,> 240 Mbps,240,5480,22.83333333333333
22136_002,220388.0,2363137.0,> 240 Mbps,240,2439,10.1625
22140_002,242473.76,2389263.78,> 450 Mbps,450,1874,4.164444444444444
22143_001,259678.0,2409450.0,> 450 Mbps,450,1431,3.18
22147_001,246587.28,2365984.67,> 450 Mbps,450,1673,3.7177777777777776
22155_001,221470.66,2372400.24,> 450 Mbps,450,2362,5.248888888888889
22158_001,203622.05,2370419.02,> 450 Mbps,450,693,1.54
22158_002,206422.37,2368337.41,> 450 Mbps,450,1637,3.637777777777778
22161_001,196429.83,2410542.17,> 1 Gbps,1000,2549,2.549
22162_001,204900.35,2431375.12,> 240 Mbps,240,8876,36.98333333333333
22163_001,170065.99,2378621.81,> 450 Mbps,450,2494,5.542222222222223
22163_002,169504.7,2373273.48,> 450 Mbps,450,1643,3.651111111111111
22164_001,188081.71,2412662.29,> 240 Mbps,240,1409,5.870833333333334
22166_001,185475.0,2438997.0,> 450 Mbps,450,3494,7.764444444444444
22168_002,173514.87,2438606.68,> 450 Mbps,450,6276,13.946666666666667
22171_001,218205.26,2391427.9,> 450 Mbps,450,1764,3.92
22171_002,219405.46,2394011.99,> 450 Mbps,450,2051,4.557777777777778
22172_003,262565.0,2400350.0,> 240 Mbps,240,4657,19.404166666666665
22176_001,223750.0,2394900.0,> 450 Mbps,450,2965,6.588888888888889
22176_003,227765.09,2394398.77,> 450 Mbps,450,1041,2.313333333333333
22179_002,250592.57,2415227.63,> 240 Mbps,240,798,3.325
22179_004,252715.62,2413174.84,> 450 Mbps,450,2104,4.675555555555556
22179_006,258033.28,2416970.67,> 450 Mbps,450,783,1.74
22180_004,262134.4,2390022.16,> 450 Mbps,450,1355,3.011111111111111
22182_001,209018.98,2406523.0,> 240 Mbps,240,3652,15.216666666666669
22184_001,230010.0,2382700.0,> 240 Mbps,240,1462,6.091666666666667
22186_001,239196.69,2409755.32,> 450 Mbps,450,4484,9.964444444444444
22186_002,243230.21,2409981.58,> 450 Mbps,450,1641,3.6466666666666665
22187_001,223240.81,2404196.58,> 1 Gbps,1000,12245,12.245
22187_002,221208.12,2406775.02,> 450 Mbps,450,2300,5.111111111111111
22187_005,224051.78,2405443.24,> 240 Mbps,240,3119,12.995833333333334
22189_001,197770.0,2400180.0,> 240 Mbps,240,1079,4.495833333333334
22190_004,225986.0,2405546.0,> 450 Mbps,450,4644,10.32
22191_001,235257.22,2380673.12,> 240 Mbps,240,1081,4.504166666666666
22193_001,246950.0,2390610.0,> 240 Mbps,240,1366,5.691666666666666
22194_001,161137.79,2422576.34,> 450 Mbps,450,4913,10.917777777777776
22197_003,283174.0,2398847.0,> 240 Mbps,240,3101,12.920833333333333
22198_001,169714.29,2435411.92,> 450 Mbps,450,1124,2.497777777777778
22203_001,223038.98,2384820.03,> 240 Mbps,240,1822,7.591666666666667
22207_001,170350.0,2417245.0,> 450 Mbps,450,1994,4.431111111111111
22207_002,170245.54,2420471.02,> 450 Mbps,450,982,2.1822222222222223
22210_001,204577.33,2435919.43,> 450 Mbps,450,6588,14.64
22211_001,175720.0,2427360.0,> 450 Mbps,450,1803,4.006666666666667
22213_002,278145.0,2401640.0,> 450 Mbps,450,4110,9.133333333333333
22215_002,222959.67,2401124.96,> 240 Mbps,240,4734,19.725
22215_003,220433.42,2400888.49,> 450 Mbps,450,4571,10.157777777777778
22215_006,220315.5,2398052.42,> 240 Mbps,240,1295,5.395833333333333
22215_007,222170.0,2401700.0,> 240 Mbps,240,2665,11.104166666666666
22219_001,225970.95,2377547.94,> 450 Mbps,450,1073,2.3844444444444446
22220_001,185268.87,2375473.81,> 240 Mbps,240,1379,5.745833333333334
22221_001,190729.65,2436917.57,> 450 Mbps,450,2939,6.531111111111112
22223_001,192440.0,2410431.99,> 450 Mbps,450,2637,5.86
22223_003,196327.0,2413739.41,> 450 Mbps,450,962,2.137777777777778
22226_001,168210.0,2426545.0,> 450 Mbps,450,1861,4.135555555555555
22227_001,165851.73,2412613.37,> 240 Mbps,240,418,1.7416666666666667
22228_001,175328.0,2409548.0,> 240 Mbps,240,1492,6.216666666666667
22228_002,172020.0,2411170.0,> 450 Mbps,450,785,1.7444444444444445
22237_002,258894.75,2402797.63,> 450 Mbps,450,1535,3.411111111111111
22240_001,258221.99,2373863.09,> 450 Mbps,450,1210,2.688888888888889
22241_001,234300.0,2355180.0,> 240 Mbps,240,1849,7.704166666666667
22245_001,181953.08,2420874.94,> 450 Mbps,450,1761,3.9133333333333336
22246_001,233330.05,2396121.25,> 240 Mbps,240,2111,8.795833333333333
22247_001,190550.0,2430670.0,> 450 Mbps,450,2904,6.453333333333333
22248_001,197123.97,2416728.21,> 450 Mbps,450,1604,3.5644444444444443
22249_001,184020.0,2401893.0,> 240 Mbps,240,1682,7.008333333333334
22251_002,219500.1,2408489.07,> 450 Mbps,450,4559,10.13111111111111
22255_001,228250.0,2365140.0,> 240 Mbps,240,1285,5.354166666666667
22256_001,196142.92,2425352.55,> 240 Mbps,240,3032,12.633333333333333
22258_001,230053.26,2391682.14,> 450 Mbps,450,1769,3.931111111111111
22259_003,272892.48,2395102.95,> 240 Mbps,240,1972,8.216666666666667
22266_002,180857.0,2375109.0,> 240 Mbps,240,4059,16.9125
22272_002,197841.0,2408955.0,> 450 Mbps,450,2220,4.933333333333334
22273_001,240000.0,2405355.0,> 450 Mbps,450,2086,4.635555555555555
22277_003,211550.84,2390244.12,> 450 Mbps,450,3738,8.306666666666667
22277_004,214700.0,2388410.0,> 240 Mbps,240,1104,4.6
22278_001,225256.24,2401482.9,> 240 Mbps,240,6833,28.47083333333333
22278_005,220979.91,2403350.0,> 240 Mbps,240,4262,17.758333333333333
22278_009,222051.02,2403277.59,> 450 Mbps,450,3872,8.604444444444445
22281_001,224892.0,2389320.0,> 240 Mbps,240,733,3.0541666666666667
22282_004,261091.5,2412735.41,> 240 Mbps,240,2994,12.475
22282_006,261899.41,2409693.28,> 450 Mbps,450,2971,6.602222222222222
22283_001,198480.65,2422121.57,> 450 Mbps,450,2713,6.028888888888889
22287_001,212320.0,2398279.0,> 240 Mbps,240,2164,9.016666666666667
22290_001,196222.0,2371792.0,> 240 Mbps,240,1551,6.4625
22304_001,204177.1,2408170.91,> 240 Mbps,240,1991,8.295833333333333
22309_003,249440.0,2369790.0,> 240 Mbps,240,482,2.0083333333333333
22321_001,191832.97,2382939.45,> 240 Mbps,240,2416,10.066666666666666
22325_002,219350.0,2418280.0,> 450 Mbps,450,3268,7.262222222222222
22333_001,243525.0,2371285.0,> 240 Mbps,240,256,1.0666666666666669
22343_002,165347.63,2435978.82,> 240 Mbps,240,1687,7.029166666666667
22343_005,167584.24,2435396.62,> 450 Mbps,450,1493,3.3177777777777777
22343_006,167119.33,2436877.06,> 450 Mbps,450,1335,2.966666666666667
22347_001,192252.02,2436159.03,> 240 Mbps,240,2553,10.6375
22349_001,166674.64,2428033.84,> 450 Mbps,450,1906,4.235555555555556
22353_002,170140.43,2439399.21,> 450 Mbps,450,2280,5.066666666666666
22353_003,170626.52,2442025.51,> 240 Mbps,240,1198,4.991666666666666
22359_002,178889.0,2416268.0,> 450 Mbps,450,640,1.4222222222222225
22360_001,224758.95,2399050.94,> 1 Gbps,1000,5969,5.969
22364_001,272750.0,2391610.0,> 450 Mbps,450,1615,3.588888888888889
22371_001,255667.84,2365596.41,> 240 Mbps,240,1133,4.720833333333333
22379_001,182140.0,2438680.0,> 450 Mbps,450,2206,4.902222222222222
22389_002,230947.15,2398932.53,> 1 Gbps,1000,2362,2.362
29004_001,149847.35,2343904.62,> 240 Mbps,240,3258,13.575
29006_001,118335.0,2339580.0,> 240 Mbps,240,4193,17.470833333333335
29007_001,149721.0,2396397.71,> 240 Mbps,240,1028,4.283333333333333
29011_001,93593.0,2404383.0,> 450 Mbps,450,2225,4.944444444444445
29015_003,95669.18,2411790.56,> 450 Mbps,450,1691,3.7577777777777777
29016_001,132628.01,2384646.0,> 240 Mbps,240,1202,5.008333333333334
29019_001,93249.0,2398110.01,> 240 Mbps,240,2049,8.5375
29019_002,95458.0,2399543.05,> 190 Mbps,190,4119,21.678947368421053
29019_004,101198.34,2399474.08,> 1 Gbps,1000,5602,5.602
29019_009,96654.97,2400124.0,> 450 Mbps,450,5626,12.502222222222224
29019_010,93821.06,2398978.95,> 450 Mbps,450,4851,10.78
29019_011,98265.02,2399619.94,> 450 Mbps,450,2107,4.682222222222222
29019_012,94569.99,2400990.0,> 240 Mbps,240,8836,36.81666666666667
29019_013,96435.06,2401269.95,> 450 Mbps,450,4482,9.96
29019_015,94642.88,2399177.69,> 240 Mbps,240,904,3.7666666666666666
29019_016,92422.31,2398614.61,> 450 Mbps,450,6437,14.304444444444444
29019_018,93334.04,2400895.01,> 450 Mbps,450,7824,17.386666666666667
29019_020,97013.98,2399274.03,> 190 Mbps,190,6067,31.931578947368426
29019_026,92112.0,2397852.0,> 240 Mbps,240,7449,31.0375
29019_028,95791.27,2398713.77,> 240 Mbps,240,6109,25.454166666666666
29019_029,94083.04,2398358.42,> 240 Mbps,240,5127,21.3625
29019_030,98094.7,2398685.26,> 1 Gbps,1000,773,0.773
29019_031,95605.21,2401704.96,> 450 Mbps,450,3437,7.637777777777778
29019_033,96054.32,2399241.44,> 450 Mbps,450,2456,5.457777777777777
29019_034,97217.14,2400425.13,> 240 Mbps,240,3834,15.975
29019_036,92027.92,2399985.63,> 450 Mbps,450,1419,3.1533333333333333
29019_038,97534.44,2402071.21,> 450 Mbps,450,1076,2.391111111111111
29020_001,126668.03,2363578.58,> 450 Mbps,450,4046,8.991111111111111
29020_003,126002.01,2369677.0,> 450 Mbps,450,469,1.0422222222222222
29022_001,86850.01,2386220.0,> 450 Mbps,450,2783,6.184444444444445
29024_002,160690.0,2379348.0,> 450 Mbps,450,6156,13.68
29026_001,125058.35,2376418.17,> 450 Mbps,450,2204,4.897777777777778
29027_001,143990.38,2371682.22,> 450 Mbps,450,2688,5.973333333333334
29027_002,142920.0,2373680.0,> 450 Mbps,450,1696,3.7688888888888887
29030_001,125917.19,2427393.72,> 240 Mbps,240,2806,11.691666666666666
29031_001,155380.0,2328157.0,> 450 Mbps,450,5349,11.886666666666668
29035_001,93100.0,2409170.0,> 240 Mbps,240,511,2.129166666666667
29037_001,114154.0,2340419.0,> 240 Mbps,240,4860,20.25
29037_002,116537.0,2339600.0,> 450 Mbps,450,1318,2.928888888888889
29039_001,132691.03,2338891.96,> 240 Mbps,240,11285,47.020833333333336
29039_006,134770.98,2344303.91,> 450 Mbps,450,870,1.9333333333333331
29039_008,132224.0,2343290.0,> 240 Mbps,240,386,1.6083333333333334
29039_010,133330.0,2341160.0,> 240 Mbps,240,1565,6.520833333333333
29040_002,73147.35,2396675.07,> 450 Mbps,450,2067,4.593333333333334
29041_001,141340.0,2358990.0,> 240 Mbps,240,3441,14.3375
29042_004,93189.0,2382966.0,> 450 Mbps,450,5486,12.19111111111111
29042_008,91112.1,2380808.72,> 450 Mbps,450,1401,3.1133333333333333
29044_002,120080.35,2375337.95,> 450 Mbps,450,3683,8.184444444444445
29046_001,102095.57,2363764.44,> 240 Mbps,240,13412,55.88333333333333
29049_001,136737.17,2350773.37,> 450 Mbps,450,2570,5.711111111111111
29051_003,126310.0,2353700.0,> 240 Mbps,240,2781,11.5875
29051_004,124005.0,2353420.0,> 450 Mbps,450,2638,5.862222222222222
29056_002,107588.78,2402211.71,> 450 Mbps,450,2119,4.708888888888889
29057_002,130034.0,2342600.0,> 450 Mbps,450,2971,6.602222222222222
29058_002,125750.0,2337420.0,> 450 Mbps,450,2864,6.364444444444445
29058_003,124790.0,2340427.0,> 450 Mbps,450,5107,11.348888888888888
29060_001,120801.0,2344655.96,> 450 Mbps,450,2081,4.624444444444444
29061_001,97698.02,2402969.98,> 1 Gbps,1000,1408,1.408
29061_002,96465.03,2406084.97,> 1 Gbps,1000,3335,3.335
29066_002,112650.01,2359050.0,> 450 Mbps,450,1311,2.9133333333333336
29067_001,161833.83,2407618.34,> 240 Mbps,240,1211,5.045833333333333
29069_001,90434.96,2403306.67,> 240 Mbps,240,4373,18.22083333333333
29071_001,170662.45,2342645.72,> 450 Mbps,450,923,2.051111111111111
29075_003,102863.04,2401596.05,> 450 Mbps,450,5580,12.4
29078_001,115847.01,2387723.98,> 450 Mbps,450,1909,4.242222222222222
29080_001,113816.71,2390312.9,> 450 Mbps,450,1465,3.2555555555555555
29086_001,112607.96,2394218.98,> 450 Mbps,450,2687,5.971111111111111
29091_001,106310.04,2427117.82,> 240 Mbps,240,3770,15.708333333333334
29097_002,127410.0,2407471.0,> 450 Mbps,450,3203,7.1177777777777775
29101_001,91115.92,2421145.31,> 240 Mbps,240,3311,13.795833333333333
29102_002,151509.29,2377595.51,> 450 Mbps,450,2167,4.815555555555555
29103_001,112375.97,2404964.03,> 240 Mbps,240,7491,31.2125
29103_002,114193.0,2403138.0,> 240 Mbps,240,4434,18.475
29105_001,128379.29,2410059.97,> 450 Mbps,450,2535,5.633333333333334
29105_003,126420.0,2409995.0,> 450 Mbps,450,2572,5.715555555555556
29113_001,153725.08,2421856.48,> 450 Mbps,450,5170,11.488888888888887
29117_001,95423.15,2418950.08,> 450 Mbps,450,3380,7.511111111111111
29124_003,108780.0,2418648.0,> 240 Mbps,240,7641,31.8375
29130_001,83410.0,2396440.0,> 240 Mbps,240,3878,16.158333333333335
29135_001,113209.0,2334294.96,> 450 Mbps,450,3490,7.7555555555555555
29137_001,109280.0,2390750.0,> 240 Mbps,240,2010,8.375
29140_002,108220.0,2397780.0,> 450 Mbps,450,2098,4.662222222222222
29146_002,141651.03,2339392.46,> 450 Mbps,450,729,1.62
29146_004,137725.0,2340925.0,> 240 Mbps,240,1241,5.170833333333333
29149_003,90614.12,2407975.13,> 450 Mbps,450,1476,3.28
29150_001,150037.3,2328745.38,> 450 Mbps,450,3791,8.424444444444445
29151_001,145542.77,2415692.18,> 450 Mbps,450,7458,16.573333333333334
29151_004,146430.0,2416880.0,> 240 Mbps,240,1374,5.725
29153_001,141320.0,2331700.0,> 450 Mbps,450,2096,4.657777777777778
29158_009,102940.0,2334040.0,> 240 Mbps,240,5205,21.6875
29160_004,100971.02,2410963.0,> 450 Mbps,450,4602,10.226666666666668
29161_001,122460.12,2343003.86,> 240 Mbps,240,2350,9.791666666666666
29162_001,132879.0,2377335.0,> 450 Mbps,450,2760,6.133333333333334
29163_001,141092.26,2408324.55,> 450 Mbps,450,1822,4.0488888888888885
29165_001,108970.0,2332225.0,> 240 Mbps,240,3512,14.633333333333333
29167_001,104330.0,2350160.0,> 240 Mbps,240,661,2.754166666666667
29167_003,106851.11,2352949.79,> 450 Mbps,450,1081,2.402222222222222
29168_001,78770.0,2360350.0,> 240 Mbps,240,2507,10.445833333333333
29169_001,114236.06,2363639.53,> 450 Mbps,450,1215,2.7
29170_001,116505.0,2349660.0,> 240 Mbps,240,1565,6.520833333333333
29173_001,110645.04,2356221.66,> 450 Mbps,450,1706,3.7911111111111113
29174_002,104975.0,2345120.0,> 450 Mbps,450,2045,4.544444444444444
29174_003,106649.0,2342857.0,> 450 Mbps,450,5230,11.622222222222222
29175_001,143157.0,2378751.0,> 450 Mbps,450,1833,4.073333333333333
29176_002,112544.0,2368204.0,> 450 Mbps,450,3763,8.362222222222222
29177_001,77360.26,2407028.55,> 450 Mbps,450,3734,8.297777777777778
29178_001,83702.12,2415200.66,> 240 Mbps,240,2866,11.941666666666666
29178_002,81594.19,2418306.24,> 240 Mbps,240,3136,13.066666666666666
29179_001,110093.0,2413488.0,> 240 Mbps,240,1655,6.895833333333333
29179_002,105963.0,2414110.0,> 240 Mbps,240,1920,8.0
29181_001,112786.02,2407630.01,> 14 Mbps,14,3421,244.3571428571429
29183_001,161724.61,2412132.55,> 240 Mbps,240,805,3.3541666666666665
29184_001,133913.04,2422622.05,> 450 Mbps,450,3150,7.0
29185_001,119814.18,2426950.52,> 450 Mbps,450,2634,5.8533333333333335
29189_004,99230.72,2394614.45,> 450 Mbps,450,2012,4.471111111111111
29189_005,104483.0,2395767.0,> 240 Mbps,240,4091,17.045833333333334
29189_007,103065.4,2397203.1,> 1 Gbps,1000,2854,2.854
29190_001,77347.85,2395892.37,> 450 Mbps,450,3563,7.917777777777777
29191_001,152890.51,2409165.18,> 450 Mbps,450,2406,5.346666666666667
29195_002,96590.01,2422780.0,> 240 Mbps,240,3302,13.758333333333333
29196_001,87669.66,2414454.76,> 240 Mbps,240,1599,6.6625
29197_002,88933.25,2357956.88,> 240 Mbps,240,6329,26.370833333333334
29197_003,92153.3,2359101.46,> 450 Mbps,450,2804,6.231111111111111
29198_001,111600.0,2421100.0,> 240 Mbps,240,1746,7.275
29199_002,156715.63,2414141.89,> 450 Mbps,450,1403,3.117777777777778
29199_003,149840.0,2415418.0,> 450 Mbps,450,1876,4.168888888888889
29201_001,78402.0,2402154.0,> 240 Mbps,240,1387,5.779166666666667
29202_001,139460.84,2397637.1,> 450 Mbps,450,2029,4.5088888888888885
29206_001,117033.0,2422554.0,> 240 Mbps,240,2214,9.225
29207_002,145773.37,2413659.51,> 450 Mbps,450,2164,4.808888888888889
29207_005,148355.68,2410422.06,> 450 Mbps,450,1765,3.922222222222222
29209_001,97989.62,2414199.38,> 450 Mbps,450,2181,4.846666666666667
29210_001,129136.0,2416819.01,> 450 Mbps,450,2869,6.375555555555556
29211_001,149195.0,2389611.0,> 240 Mbps,240,2000,8.333333333333334
29212_004,86615.0,2399335.0,> 450 Mbps,450,2541,5.6466666666666665
29212_005,88493.0,2397945.0,> 450 Mbps,450,3713,8.251111111111111
29213_001,124325.66,2419789.01,> 240 Mbps,240,2969,12.370833333333334
29215_001,95200.0,2353980.0,> 240 Mbps,240,2489,10.370833333333334
29215_002,102669.56,2354376.44,> 240 Mbps,240,1624,6.766666666666667
29216_003,113100.0,2351870.0,> 450 Mbps,450,1710,3.8
29216_004,113438.46,2347557.59,> 450 Mbps,450,2074,4.608888888888889
29217_001,145233.05,2335334.76,> 450 Mbps,450,3492,7.76
29221_001,77686.0,2411155.0,> 450 Mbps,450,1794,3.986666666666667
29221_003,76725.18,2413010.96,> 450 Mbps,450,2064,4.586666666666667
29225_001,100516.05,2351223.74,> 450 Mbps,450,1861,4.135555555555555
29227_001,157516.07,2387959.47,> 450 Mbps,450,1901,4.224444444444444
29229_001,118500.0,2366505.0,> 240 Mbps,240,1560,6.5
29230_002,162109.59,2345463.97,> 450 Mbps,450,1352,3.0044444444444443
29232_003,121333.51,2355014.15,> 450 Mbps,450,2799,6.22
29232_011,121646.82,2350153.8,> 14 Mbps,14,2651,189.3571428571429
29232_014,118109.0,2351672.0,> 450 Mbps,450,11182,24.84888888888889
29232_016,120667.0,2351680.0,> 450 Mbps,450,7991,17.75777777777778
29232_026,122835.39,2357321.07,> 450 Mbps,450,1000,2.2222222222222223
29232_028,121718.0,2352651.0,> 240 Mbps,240,4186,17.441666666666666
29232_033,117645.0,2352890.0,> 240 Mbps,240,8040,33.5
29232_039,125105.19,2350732.37,> 450 Mbps,450,1824,4.053333333333334
29232_048,117973.11,2356325.51,> 450 Mbps,450,3530,7.844444444444444
29233_001,159858.06,2334682.66,> 450 Mbps,450,2681,5.957777777777777
29233_002,160299.01,2335270.0,> 450 Mbps,450,4774,10.608888888888888
29234_001,165674.99,2334382.97,> 450 Mbps,450,935,2.077777777777778
29234_003,163267.94,2332149.19,> 450 Mbps,450,954,2.12
29236_002,153277.17,2336667.95,> 240 Mbps,240,2571,10.7125
29239_001,136206.06,2432291.71,> 450 Mbps,450,3230,7.177777777777778
29241_002,143960.0,2346970.0,> 240 Mbps,240,3511,14.629166666666666
29247_001,127550.0,2349320.0,> 240 Mbps,240,555,2.3125
29247_004,125543.92,2346133.09,> 450 Mbps,450,1923,4.273333333333333
29252_001,104819.24,2337911.32,> 450 Mbps,450,2515,5.588888888888889
29254_001,143670.0,2413840.0,> 450 Mbps,450,1874,4.164444444444444
29254_003,143390.99,2416229.25,> 450 Mbps,450,4010,8.911111111111111
29257_001,87864.62,2418514.77,> 240 Mbps,240,2200,9.166666666666666
29259_003,134947.01,2426513.0,> 240 Mbps,240,5836,24.316666666666663
29259_004,133398.0,2429200.0,> 450 Mbps,450,3297,7.326666666666667
29260_002,86462.73,2405438.28,> 450 Mbps,450,5189,11.53111111111111
29266_001,136946.0,2410363.0,> 240 Mbps,240,2415,10.0625
29267_002,135408.98,2366719.42,> 450 Mbps,450,1205,2.6777777777777776
29268_001,107437.98,2406563.29,> 450 Mbps,450,2234,4.964444444444444
29272_001,131309.01,2347970.0,> 240 Mbps,240,1425,5.9375
29274_001,150112.05,2351067.15,> 450 Mbps,450,2855,6.344444444444444
29277_001,124982.03,2397246.98,> 240 Mbps,240,1441,6.004166666666666
29277_003,130034.63,2403527.01,> 450 Mbps,450,1688,3.7511111111111113
29277_004,126740.04,2399929.9,> 450 Mbps,450,1139,2.531111111111111
29279_002,140620.0,2419918.0,> 450 Mbps,450,3600,8.0
29280_001,103975.0,2379840.0,> 240 Mbps,240,3411,14.2125
29284_001,105656.97,2332633.96,> 450 Mbps,450,4869,10.82
29293_002,139038.0,2335598.0,> 240 Mbps,240,868,3.6166666666666663
29293_003,137680.0,2329800.0,> 450 Mbps,450,1258,2.795555555555556
29293_004,136142.37,2335977.77,> 1 Gbps,1000,4733,4.733
29297_001,162546.0,2338266.0,> 450 Mbps,450,3398,7.551111111111111
29302_001,123952.24,2381375.1,> 450 Mbps,450,2376,5.28
29302_002,118879.32,2383869.31,> 450 Mbps,450,1674,3.72
29302_003,121721.0,2381434.0,> 450 Mbps,450,509,1.1311111111111112
35001_002,313290.0,2355790.0,> 240 Mbps,240,2926,12.191666666666666
35001_003,310250.0,2355090.0,> 450 Mbps,450,1676,3.724444444444445
35004_001,317551.0,2391007.0,> 450 Mbps,450,2920,6.488888888888889
35006_001,338861.0,2345293.0,> 450 Mbps,450,2368,5.262222222222222
35012_003,301624.0,2318433.0,> 450 Mbps,450,2099,4.664444444444444
35012_004,296420.0,2324950.0,> 450 Mbps,450,1000,2.2222222222222223
35012_005,300686.0,2323304.0,> 240 Mbps,240,3874,16.141666666666666
35013_001,270163.0,2309726.0,> 240 Mbps,240,2807,11.695833333333333
35014_001,328524.0,2340810.0,> 450 Mbps,450,1478,3.2844444444444445
35015_002,337260.0,2359380.0,> 240 Mbps,240,1923,8.0125
35016_002,280000.0,2341656.0,> 450 Mbps,450,808,1.7955555555555556
35023_001,282050.0,2362425.0,> 240 Mbps,240,3713,15.470833333333331
35029_001,296775.0,2392790.0,> 240 Mbps,240,866,3.608333333333333
35031_001,319760.0,2359950.0,> 240 Mbps,240,2608,10.866666666666667
35032_001,302642.0,2339721.0,> 450 Mbps,450,2968,6.595555555555555
35037_002,286680.0,2346570.0,> 450 Mbps,450,2835,6.3
35038_001,347823.0,2348353.0,> 240 Mbps,240,6617,27.570833333333333
35040_001,285332.0,2358382.0,> 450 Mbps,450,2372,5.271111111111111
35042_001,343595.0,2340772.0,> 240 Mbps,240,527,2.1958333333333333
35047_001,297078.0,2345620.0,> 450 Mbps,450,5884,13.075555555555557
35047_004,296872.0,2347379.0,> 240 Mbps,240,1225,5.104166666666667
35049_001,290812.0,2418215.0,> 450 Mbps,450,4462,9.915555555555557
35051_001,307849.0,2354639.0,> 240 Mbps,240,2104,8.766666666666667
35051_002,305002.0,2354719.0,> 450 Mbps,450,4879,10.842222222222222
35051_003,308169.0,2351474.0,> 450 Mbps,450,1256,2.7911111111111118
35051_004,305541.0,2352335.0,> 240 Mbps,240,2433,10.1375
35051_009,306619.0,2353810.0,> 1 Gbps,1000,2585,2.585
35051_011,307794.0,2353355.0,> 1 Gbps,1000,287,0.287
35055_001,305408.0,2351638.0,> 1 Gbps,1000,2275,2.275
35055_002,304520.0,2349560.0,> 240 Mbps,240,1517,6.320833333333334
35062_001,347843.0,2378913.0,> 450 Mbps,450,2955,6.566666666666666
35066_002,298699.0,2344172.0,> 1 Gbps,1000,4228,4.228
35067_001,309438.0,2366537.0,> 450 Mbps,450,2727,6.06
35068_002,321560.0,2351350.0,> 240 Mbps,240,3666,15.275
35069_001,313972.0,2344653.0,> 240 Mbps,240,3708,15.45
35071_001,335478.0,2387601.0,> 450 Mbps,450,914,2.031111111111111
35072_001,340010.0,2362330.0,> 240 Mbps,240,1873,7.804166666666666
35072_003,342891.0,2364694.0,> 450 Mbps,450,2755,6.122222222222222
35076_001,293450.0,2347955.0,> 240 Mbps,240,2462,10.258333333333333
35080_001,286720.0,2354200.0,> 240 Mbps,240,2619,10.9125
35085_003,296774.0,2389209.0,> 240 Mbps,240,4436,18.48333333333333
35087_001,326900.0,2349475.0,> 240 Mbps,240,417,1.7375
35088_001,306856.0,2339293.0,> 240 Mbps,240,5363,22.34583333333333
35090_001,301419.0,2334464.0,> 450 Mbps,450,2779,6.175555555555556
35093_002,276225.0,2410991.0,> 450 Mbps,450,3740,8.311111111111112
35093_005,275890.0,2413409.0,> 240 Mbps,240,4195,17.479166666666668
35093_006,275682.0,2412131.0,> 240 Mbps,240,2756,11.483333333333333
35093_008,275079.0,2412546.0,> 240 Mbps,240,2339,9.745833333333334
35095_002,298485.0,2401578.0,> 240 Mbps,240,6616,27.566666666666663
35096_002,322469.0,2346294.0,> 240 Mbps,240,650,2.708333333333333
35096_003,320175.0,2347191.0,> 240 Mbps,240,98,0.4083333333333333
35096_004,322226.0,2348810.0,> 450 Mbps,450,869,1.931111111111111
35097_001,336249.0,2341143.0,> 240 Mbps,240,712,2.966666666666667
35097_003,331325.0,2338530.0,> 450 Mbps,450,1562,3.471111111111111
35099_003,311125.0,2347125.0,> 240 Mbps,240,2854,11.891666666666667
35108_002,318200.0,2335794.0,> 450 Mbps,450,1155,2.566666666666667
35109_001,336350.0,2347580.0,> 240 Mbps,240,533,2.220833333333333
35109_002,336256.0,2344977.0,> 240 Mbps,240,1112,4.633333333333334
35109_003,330341.0,2347743.0,> 240 Mbps,240,718,2.9916666666666667
35115_007,337286.0,2379287.0,> 450 Mbps,450,8482,18.84888888888889
35115_008,339590.0,2377900.0,> 450 Mbps,450,4964,11.03111111111111
35115_009,339400.0,2380220.0,> 240 Mbps,240,3492,14.55
35117_001,261590.0,2359250.0,> 450 Mbps,450,1260,2.8
35119_001,341295.0,2337770.0,> 240 Mbps,240,1613,6.720833333333333
35119_002,340465.0,2342084.0,> 240 Mbps,240,335,1.3958333333333333
35120_001,292892.0,2366825.0,> 240 Mbps,240,4908,20.45
35123_001,288900.0,2342120.0,> 450 Mbps,450,2000,4.444444444444445
35123_003,292266.0,2341422.0,> 240 Mbps,240,2301,9.5875
35124_001,296267.0,2310670.0,> 450 Mbps,450,4015,8.922222222222222
35125_001,333869.0,2332129.0,> 450 Mbps,450,5081,11.29111111111111
35126_003,291685.0,2336969.0,> 240 Mbps,240,4689,19.5375
35127_001,285890.0,2329470.0,> 240 Mbps,240,2060,8.583333333333334
35129_001,287643.0,2322809.0,> 240 Mbps,240,4007,16.695833333333333
35130_001,292320.0,2374060.0,> 240 Mbps,240,2433,10.1375
35131_002,291776.0,2354172.0,> 450 Mbps,450,4311,9.58
35132_001,292222.0,2408252.0,> 450 Mbps,450,3242,7.204444444444444
35133_002,273970.0,2355881.0,> 450 Mbps,450,2330,5.177777777777778
35135_001,281850.0,2369050.0,> 240 Mbps,240,1585,6.604166666666667
35136_002,313344.0,2336962.0,> 240 Mbps,240,5006,20.85833333333333
35137_001,336444.0,2374069.0,> 240 Mbps,240,2638,10.991666666666667
35142_001,342568.0,2386845.0,> 240 Mbps,240,1316,5.483333333333333
35145_003,286300.0,2314635.0,> 450 Mbps,450,1413,3.14
35147_002,292335.0,2393692.0,> 450 Mbps,450,768,1.7066666666666668
35149_002,285159.0,2338578.0,> 450 Mbps,450,1689,3.753333333333333
35150_001,336368.0,2380100.0,> 450 Mbps,450,1179,2.62
35152_004,313623.0,2364312.0,> 450 Mbps,450,4020,8.933333333333334
35154_002,326200.0,2364224.0,> 240 Mbps,240,1564,6.516666666666667
35157_001,344900.0,2381600.0,> 240 Mbps,240,1690,7.041666666666667
35161_001,325606.0,2346039.0,> 240 Mbps,240,906,3.775
35161_002,328382.0,2346154.0,> 240 Mbps,240,397,1.6541666666666666
35162_001,343760.0,2393228.0,> 450 Mbps,450,5378,11.95111111111111
35167_001,325641.0,2320572.0,> 450 Mbps,450,3198,7.1066666666666665
35169_001,274651.0,2339415.0,> 240 Mbps,240,612,2.55
35172_002,292128.0,2390823.0,> 450 Mbps,450,688,1.528888888888889
35173_002,298247.0,2362128.0,> 1 Gbps,1000,4357,4.357
35173_003,299529.0,2365554.0,> 450 Mbps,450,4685,10.411111111111111
35175_001,276914.0,2330721.0,> 240 Mbps,240,3250,13.541666666666666
35178_001,321205.0,2370962.0,> 240 Mbps,240,4851,20.2125
35179_002,286089.0,2401411.0,> 450 Mbps,450,892,1.9822222222222223
35179_003,287833.0,2398198.0,> 450 Mbps,450,1607,3.571111111111111
35184_002,272040.0,2363200.0,> 240 Mbps,240,4110,17.125
35187_001,279395.0,2349949.0,> 450 Mbps,450,1862,4.137777777777778
35188_002,280300.0,2355980.0,> 240 Mbps,240,4445,18.52083333333333
35195_002,302832.0,2375800.0,> 240 Mbps,240,3660,15.25
35196_001,289602.0,2349894.0,> 240 Mbps,240,4728,19.7
35206_002,299530.0,2347760.0,> 450 Mbps,450,977,2.171111111111111
35207_002,312657.0,2352326.0,> 450 Mbps,450,2624,5.831111111111111
35207_003,312285.0,2350783.0,> 240 Mbps,240,186,0.775
35207_004,313883.0,2348402.0,> 240 Mbps,240,779,3.245833333333333
35209_001,316877.0,2347178.0,> 240 Mbps,240,873,3.6375
35210_001,295108.0,2357817.0,> 1 Gbps,1000,5896,5.896
35211_001,260557.0,2346081.0,> 450 Mbps,450,1146,2.546666666666667
35212_001,301542.0,2328648.0,> 450 Mbps,450,1920,4.266666666666667
35217_001,346645.0,2340609.0,> 140 Mbps,140,2324,16.6
35219_001,281234.0,2317926.0,> 450 Mbps,450,1472,3.2711111111111117
35219_002,281183.0,2322108.0,> 450 Mbps,450,1970,4.377777777777778
35220_001,316575.0,2342650.0,> 240 Mbps,240,1680,7.0
35221_002,294357.0,2328550.0,> 450 Mbps,450,1481,3.2911111111111118
35222_001,312007.0,2399942.0,> 240 Mbps,240,5709,23.7875
35223_001,271094.0,2345127.0,> 450 Mbps,450,1646,3.6577777777777776
35223_002,268470.0,2340000.0,> 450 Mbps,450,1971,4.38
35228_003,275950.0,2406050.0,> 450 Mbps,450,5085,11.3
35233_001,291780.0,2379220.0,> 240 Mbps,240,2568,10.7
35234_002,267938.0,2371045.0,> 450 Mbps,450,1433,3.1844444444444444
35236_001,267421.0,2304801.0,> 240 Mbps,240,9272,38.63333333333333
35236_003,269197.0,2306062.0,> 240 Mbps,240,2726,11.358333333333333
35236_004,271705.0,2411437.0,> 450 Mbps,450,5534,12.297777777777778
35237_001,277643.0,2311348.0,> 450 Mbps,450,3176,7.057777777777778
35238_001,300760.0,2350674.0,> 1 Gbps,1000,6864,6.864
35238_002,300862.0,2352938.0,> 240 Mbps,240,6566,27.35833333333333
35238_003,302262.0,2354744.0,> 240 Mbps,240,4548,18.95
35238_005,301538.0,2353078.0,> 240 Mbps,240,6571,27.379166666666663
35238_006,303081.0,2355259.0,> 1 Gbps,1000,7543,7.543
35238_007,302161.0,2351555.0,> 240 Mbps,240,4113,17.1375
35238_008,302880.0,2350604.0,> 1 Gbps,1000,7177,7.177
35238_009,300057.0,2353560.0,> 240 Mbps,240,4582,19.091666666666665
35238_010,300583.0,2356150.0,> 1 Gbps,1000,2890,2.89
35238_011,303314.0,2353760.0,> 240 Mbps,240,3154,13.141666666666667
35238_012,298952.0,2352382.0,> 240 Mbps,240,3572,14.883333333333333
35238_013,301371.0,2352516.0,> 190 Mbps,190,1220,6.421052631578948
35238_015,302170.0,2352516.0,> 240 Mbps,240,7498,31.241666666666667
35238_017,299442.0,2353587.0,> 240 Mbps,240,3890,16.208333333333332
35238_018,301148.0,2353906.0,> 240 Mbps,240,2613,10.8875
35238_019,300721.0,2351708.0,> 240 Mbps,240,5360,22.33333333333333
35238_020,303799.0,2351809.0,> 1 Gbps,1000,3213,3.213
35238_021,298891.0,2354715.0,> 1 Gbps,1000,7433,7.433
35238_024,300225.0,2354212.0,> 240 Mbps,240,5463,22.7625
35238_025,301809.0,2354189.0,> 240 Mbps,240,5553,23.1375
35238_026,300825.0,2353690.0,> 240 Mbps,240,3395,14.145833333333334
35238_028,297251.0,2352850.0,> 450 Mbps,450,192,0.4266666666666667
35238_031,299240.0,2356895.0,> 240 Mbps,240,2897,12.070833333333333
35238_032,298057.0,2353750.0,> 1 Gbps,1000,719,0.719
35238_034,300000.0,2352830.0,> 240 Mbps,240,3166,13.191666666666666
35238_035,303105.0,2356701.0,> 240 Mbps,240,4728,19.7
35238_042,301719.0,2350760.0,> 1 Gbps,1000,4885,4.885
35238_043,304317.0,2351231.0,> 1 Gbps,1000,2767,2.767
35239_001,323560.0,2327750.0,> 450 Mbps,450,3008,6.684444444444445
35240_001,292671.0,2351556.0,> 1 Gbps,1000,2781,2.781
35243_001,331945.0,2379222.0,> 450 Mbps,450,2022,4.493333333333333
35245_001,287526.0,2365065.0,> 450 Mbps,450,3250,7.222222222222222
35246_002,290480.0,2402314.0,> 450 Mbps,450,2044,4.542222222222223
35247_001,308445.0,2404040.0,> 240 Mbps,240,2713,11.304166666666667
35251_001,308100.0,2370420.0,> 240 Mbps,240,4212,17.55
35252_002,330160.0,2350940.0,> 450 Mbps,450,1129,2.508888888888889
35257_001,325831.0,2386187.0,> 240 Mbps,240,2356,9.816666666666666
35262_002,317930.0,2327771.0,> 240 Mbps,240,810,3.375
35263_001,287760.0,2415990.0,> 450 Mbps,450,2245,4.988888888888889
35264_001,324773.0,2350793.0,> 450 Mbps,450,1917,4.26
35265_001,288391.0,2381855.0,> 240 Mbps,240,2549,10.620833333333334
35266_001,300930.0,2343980.0,> 240 Mbps,240,4073,16.970833333333335
35267_001,330380.0,2385825.0,> 450 Mbps,450,1929,4.286666666666667
35271_001,334855.0,2396440.0,> 240 Mbps,240,4476,18.65
35275_001,289460.0,2359895.0,> 240 Mbps,240,3765,15.6875
35278_003,300125.0,2359550.0,> 450 Mbps,450,4336,9.635555555555555
35281_001,299035.0,2350349.0,> 450 Mbps,450,4189,9.30888888888889
35281_009,296830.0,2350285.0,> 240 Mbps,240,278,1.1583333333333334
35284_001,283353.0,2409266.0,> 450 Mbps,450,3435,7.633333333333334
35287_002,272200.0,2413000.0,> 240 Mbps,240,2539,10.579166666666667
35288_001,279882.0,2413295.0,> 240 Mbps,240,1887,7.8625
35288_002,283176.0,2415774.0,> 450 Mbps,450,5281,11.735555555555557
35288_007,280210.0,2415092.0,> 240 Mbps,240,1577,6.570833333333334
35288_008,281155.0,2414272.0,> 190 Mbps,190,5465,28.76315789473684
35288_009,281348.0,2415816.0,> 240 Mbps,240,3020,12.583333333333334
35288_010,280283.0,2412438.0,> 240 Mbps,240,6124,25.516666666666666
35288_012,281465.0,2411281.0,> 240 Mbps,240,1908,7.95
35288_014,278516.0,2414500.0,> 240 Mbps,240,2220,9.25
35288_019,279225.0,2412900.0,> 240 Mbps,240,3853,16.054166666666667
35288_022,279706.0,2414076.0,> 240 Mbps,240,3036,12.65
35288_025,281825.0,2413105.0,> 450 Mbps,450,1729,3.8422222222222224
35297_001,264181.0,2363986.0,> 240 Mbps,240,3098,12.908333333333331
35299_001,286563.0,2411691.0,> 240 Mbps,240,3914,16.308333333333334
35304_002,320534.0,2376747.0,> 240 Mbps,240,1691,7.045833333333333
35306_001,284168.0,2403696.0,> 240 Mbps,240,3148,13.116666666666667
35307_001,281309.0,2374163.0,> 450 Mbps,450,4263,9.473333333333333
35308_001,284780.0,2390559.0,> 450 Mbps,450,1970,4.377777777777778
35312_002,291625.0,2332097.0,> 450 Mbps,450,2345,5.211111111111111
35319_002,280744.0,2346924.0,> 450 Mbps,450,1042,2.315555555555556
35323_001,329077.0,2390674.0,> 240 Mbps,240,1751,7.295833333333333
35326_001,313529.0,2377006.0,> 240 Mbps,240,2203,9.179166666666667
35327_001,317040.0,2354101.0,> 450 Mbps,450,2660,5.911111111111111
35328_001,269544.0,2317674.0,> 190 Mbps,190,3338,17.568421052631578
35333_002,317395.0,2331848.0,> 240 Mbps,240,925,3.8541666666666665
35334_001,307276.0,2358343.0,> 240 Mbps,240,6625,27.604166666666668
35335_001,313878.0,2324252.0,> 240 Mbps,240,2438,10.158333333333331
35340_001,275692.0,2345919.0,> 450 Mbps,450,907,2.015555555555556
35341_001,318249.0,2388004.0,> 240 Mbps,240,1352,5.633333333333334
35343_001,310285.0,2327750.0,> 450 Mbps,450,712,1.5822222222222222
35347_001,328070.0,2360195.0,> 450 Mbps,450,1946,4.3244444444444445
35352_002,306775.0,2346400.0,> 450 Mbps,450,5387,11.971111111111112
35353_002,296133.0,2353326.0,> 190 Mbps,190,616,3.2421052631578946
35353_003,295500.0,2355273.0,> 240 Mbps,240,2058,8.575
35355_002,315750.0,2380340.0,> 450 Mbps,450,1763,3.917777777777778
35356_001,297404.0,2369550.0,> 240 Mbps,240,1825,7.604166666666667
35360_001,335499.0,2353916.0,> 240 Mbps,240,3350,13.958333333333334
35360_002,337333.0,2352566.0,> 450 Mbps,450,5164,11.475555555555555
35360_004,336450.0,2353250.0,> 240 Mbps,240,4385,18.27083333333333
35361_001,295985.0,2407939.0,> 240 Mbps,240,2142,8.925
35362_001,292125.0,2397300.0,> 240 Mbps,240,1144,4.766666666666667
35363_001,298114.0,2341857.0,> 240 Mbps,240,4668,19.45
56001_001,261891.32,2302025.38,> 450 Mbps,450,1841,4.091111111111111
56002_001,236314.0,2295282.0,> 450 Mbps,450,4236,9.413333333333334
56003_003,212333.0,2304476.0,> 240 Mbps,240,3379,14.079166666666667
56004_001,243493.01,2292807.0,> 240 Mbps,240,824,3.433333333333333
56007_002,200261.09,2310493.92,> 450 Mbps,450,6873,15.273333333333332
56007_003,198883.0,2309930.0,> 450 Mbps,450,1577,3.5044444444444443
56007_004,201250.0,2310410.0,> 240 Mbps,240,1341,5.5875
56008_001,206319.0,2304564.0,> 240 Mbps,240,5698,23.741666666666667
56010_001,198796.32,2332849.59,> 450 Mbps,450,3310,7.355555555555555
56010_003,197570.0,2335535.0,> 240 Mbps,240,2356,9.816666666666666
56013_003,189520.43,2311756.2,> 450 Mbps,450,2405,5.344444444444444
56017_001,217397.0,2332690.0,> 240 Mbps,240,818,3.408333333333333
56021_003,184438.5,2327502.34,> 450 Mbps,450,1455,3.2333333333333334
56023_001,196823.0,2313922.0,> 450 Mbps,450,841,1.8688888888888888
56024_001,224777.11,2352828.78,> 450 Mbps,450,1342,2.982222222222222
56024_002,229137.88,2355404.35,> 450 Mbps,450,300,0.6666666666666666
56026_001,190131.0,2344472.0,> 450 Mbps,450,2404,5.342222222222222
56027_001,224985.73,2336966.73,> 450 Mbps,450,1873,4.162222222222222
56028_001,253754.78,2302356.01,> 450 Mbps,450,1373,3.051111111111111
56031_001,201151.27,2328881.9,> 450 Mbps,450,1594,3.542222222222222
56032_001,256265.0,2337330.0,> 240 Mbps,240,2001,8.3375
56033_001,266804.15,2324510.89,> 450 Mbps,450,823,1.8288888888888888
56033_002,265200.0,2321390.0,> 450 Mbps,450,1697,3.7711111111111113
56034_001,192483.07,2301683.69,> 450 Mbps,450,5782,12.848888888888888
56036_001,174608.28,2326842.71,> 450 Mbps,450,2608,5.795555555555556
56037_001,244071.96,2327975.95,> 450 Mbps,450,2501,5.557777777777778
56040_001,174025.0,2333393.0,> 240 Mbps,240,1983,8.2625
56041_001,197356.94,2361806.54,> 450 Mbps,450,1378,3.062222222222222
56041_002,199247.94,2358295.49,> 450 Mbps,450,489,1.086666666666667
56042_001,216006.03,2325212.26,> 450 Mbps,450,1323,2.94
56046_001,200250.0,2308000.0,> 450 Mbps,450,2482,5.515555555555555
56046_003,199900.0,2305025.0,> 450 Mbps,450,1979,4.397777777777778
56047_002,219066.1,2350139.1,> 450 Mbps,450,725,1.6111111111111112
56052_001,230040.0,2292455.0,> 240 Mbps,240,3392,14.133333333333333
56053_002,230706.0,2313820.0,> 450 Mbps,450,3609,8.02
56054_001,186899.24,2307575.37,> 450 Mbps,450,2729,6.064444444444445
56057_001,165685.82,2354752.8,> 450 Mbps,450,2045,4.544444444444444
56058_001,246244.33,2285850.36,> 240 Mbps,240,9516,39.65
56063_001,166034.24,2328005.77,> 450 Mbps,450,2658,5.906666666666666
56066_001,159520.0,2364690.0,> 450 Mbps,450,3067,6.815555555555555
56067_001,213529.68,2318736.02,> 450 Mbps,450,3758,8.351111111111111
56070_001,229942.09,2338186.45,> 450 Mbps,450,849,1.8866666666666667
56074_001,205350.01,2335295.0,> 450 Mbps,450,1455,3.2333333333333334
56075_001,267787.28,2331940.53,> 450 Mbps,450,2611,5.802222222222222
56075_004,266919.01,2335128.0,> 450 Mbps,450,1567,3.482222222222222
56076_003,195773.53,2351757.1,> 450 Mbps,450,647,1.4377777777777778
56076_005,199210.0,2349750.0,> 450 Mbps,450,597,1.3266666666666669
56078_001,163808.77,2325393.66,> 450 Mbps,450,7434,16.52
56079_001,238708.17,2337869.65,> 450 Mbps,450,2158,4.795555555555556
56080_001,245146.49,2347106.6,> 450 Mbps,450,2334,5.1866666666666665
56081_001,153623.59,2355452.64,> 450 Mbps,450,1491,3.313333333333333
56083_001,181665.77,2325779.44,> 450 Mbps,450,2359,5.242222222222222
56083_002,180217.0,2326223.0,> 240 Mbps,240,7282,30.341666666666665
56089_001,180751.0,2346778.0,> 450 Mbps,450,1451,3.2244444444444444
56090_002,181190.0,2329360.0,> 450 Mbps,450,4595,10.21111111111111
56091_001,235358.16,2339106.59,> 450 Mbps,450,1271,2.8244444444444445
56094_001,181813.8,2321991.15,> 450 Mbps,450,1788,3.973333333333333
56094_002,178617.71,2321662.09,> 450 Mbps,450,1332,2.96
56096_001,192306.0,2319764.0,> 240 Mbps,240,2936,12.233333333333333
56098_001,173454.04,2322803.93,> 1 Gbps,1000,2725,2.725
56098_002,175004.98,2321801.05,> 240 Mbps,240,7028,29.28333333333333
56098_007,174940.0,2324210.0,> 450 Mbps,450,2667,5.926666666666667
56100_001,166357.23,2361827.51,> 450 Mbps,450,1449,3.22
56101_003,188310.0,2329890.0,> 450 Mbps,450,3292,7.315555555555555
56102_001,234362.78,2340871.51,> 450 Mbps,450,1497,3.3266666666666667
56104_001,181888.0,2336634.0,> 240 Mbps,240,576,2.4
56105_001,162120.31,2350455.68,> 240 Mbps,240,795,3.3125
56107_001,170918.87,2317819.59,> 240 Mbps,240,7172,29.883333333333333
56111_001,248146.0,2301133.0,> 450 Mbps,450,870,1.9333333333333331
56113_001,188068.0,2356199.0,> 450 Mbps,450,1888,4.195555555555556
56114_002,190280.0,2269080.0,> 240 Mbps,240,910,3.7916666666666665
56117_001,213657.87,2332718.98,> 450 Mbps,450,3425,7.611111111111111
56119_001,192583.0,2315012.0,> 450 Mbps,450,898,1.9955555555555555
56121_001,172418.8,2321329.46,> 1 Gbps,1000,6218,6.218
56121_002,172269.01,2320211.04,> 1 Gbps,1000,4132,4.132
56121_003,172972.99,2321612.02,> 450 Mbps,450,5626,12.502222222222224
56121_004,170602.02,2320517.97,> 1 Gbps,1000,4535,4.535
56121_011,171040.0,2322830.95,> 1 Gbps,1000,7358,7.358
56121_015,173423.7,2320611.75,> 240 Mbps,240,4595,19.14583333333333
56121_016,171600.02,2319869.01,> 240 Mbps,240,3712,15.466666666666669
56121_018,172816.0,2319386.0,> 240 Mbps,240,2106,8.775
56123_001,251734.0,2308440.0,> 240 Mbps,240,1484,6.183333333333334
56123_002,249834.0,2309595.0,> 240 Mbps,240,2067,8.6125
56124_001,245709.09,2322248.84,> 450 Mbps,450,3061,6.802222222222222
56125_001,197705.0,2355790.01,> 240 Mbps,240,840,3.5
56127_001,256340.0,2353800.0,> 240 Mbps,240,2136,8.9
56129_001,242610.0,2359900.0,> 240 Mbps,240,955,3.9791666666666665
56130_001,182993.02,2318160.05,> 240 Mbps,240,1720,7.166666666666667
56131_003,169500.01,2348214.99,> 450 Mbps,450,963,2.14
56132_001,216425.0,2314570.0,> 240 Mbps,240,2347,9.779166666666669
56137_001,223880.0,2316400.0,> 240 Mbps,240,1971,8.2125
56140_001,215771.14,2335087.45,> 450 Mbps,450,2375,5.277777777777778
56141_002,209222.42,2326451.23,> 240 Mbps,240,987,4.1125
56144_001,214294.0,2345524.0,> 240 Mbps,240,2063,8.595833333333333
56145_003,253978.04,2347587.64,> 450 Mbps,450,921,2.046666666666667
56146_001,204275.14,2361936.57,> 450 Mbps,450,1126,2.502222222222222
56147_001,250975.0,2290600.0,> 240 Mbps,240,5308,22.116666666666667
56149_001,239522.06,2298629.97,> 450 Mbps,450,1581,3.513333333333333
56151_003,211850.0,2354050.0,> 450 Mbps,450,2074,4.608888888888889
56152_003,185038.0,2274841.0,> 240 Mbps,240,2510,10.458333333333334
56153_001,246449.34,2296657.62,> 450 Mbps,450,1667,3.704444444444445
56153_003,249560.0,2298390.0,> 450 Mbps,450,837,1.86
56155_001,237786.66,2287112.29,> 240 Mbps,240,3886,16.191666666666666
56157_001,223025.0,2322155.0,> 450 Mbps,450,984,2.1866666666666665
56158_001,213431.48,2313008.91,> 450 Mbps,450,3235,7.188888888888889
56159_001,247257.47,2317258.22,> 450 Mbps,450,1592,3.537777777777778
56160_001,226145.0,2343475.0,> 240 Mbps,240,1723,7.179166666666666
56161_001,195075.0,2308825.0,> 240 Mbps,240,1601,6.670833333333333
56162_001,170379.01,2321236.28,> 240 Mbps,240,3419,14.245833333333334
56162_002,169687.05,2318623.53,> 1 Gbps,1000,3910,3.91
56162_003,168112.67,2319890.84,> 240 Mbps,240,4964,20.683333333333334
56163_003,181875.93,2359240.32,> 240 Mbps,240,1619,6.745833333333334
56164_001,211003.0,2307327.82,> 450 Mbps,450,2151,4.78
56164_002,209314.22,2308985.85,> 450 Mbps,450,2103,4.673333333333333
56165_001,246832.76,2334778.85,> 450 Mbps,450,3689,8.197777777777778
56165_006,245655.0,2337125.0,> 240 Mbps,240,4059,16.9125
56166_002,176913.0,2340408.0,> 450 Mbps,450,3515,7.811111111111111
56167_001,207078.36,2309321.8,> 450 Mbps,450,2109,4.6866666666666665
56169_001,181205.49,2315445.33,> 450 Mbps,450,1908,4.24
56169_005,182867.68,2312034.71,> 450 Mbps,450,3952,8.782222222222222
56172_001,227829.0,2327828.0,> 450 Mbps,450,2161,4.802222222222222
56173_001,203468.0,2342474.95,> 450 Mbps,450,2383,5.295555555555556
56174_002,209448.4,2330624.73,> 450 Mbps,450,965,2.1444444444444444
56175_001,206240.0,2317380.0,> 450 Mbps,450,1406,3.1244444444444444
56176_001,203396.0,2312385.0,> 450 Mbps,450,2671,5.935555555555555
56176_002,202461.2,2310095.01,> 450 Mbps,450,2057,4.571111111111111
56177_002,200460.0,2321750.0,> 450 Mbps,450,4631,10.29111111111111
56178_002,204120.2,2354058.81,> 450 Mbps,450,9748,21.662222222222223
56179_001,170701.54,2331780.7,> 450 Mbps,450,2408,5.351111111111111
56180_001,261250.0,2334950.0,> 240 Mbps,240,623,2.595833333333333
56184_001,240885.3,2306519.08,> 450 Mbps,450,4834,10.742222222222225
56185_001,169266.16,2325021.12,> 1 Gbps,1000,4485,4.485
56186_003,188977.0,2291252.0,> 450 Mbps,450,1500,3.333333333333333
56186_004,189211.0,2290263.0,> 240 Mbps,240,5094,21.225
56193_002,175190.0,2316950.0,> 450 Mbps,450,7184,15.964444444444444
56194_002,265192.07,2297565.16,> 450 Mbps,450,3415,7.588888888888889
56198_001,221447.01,2353322.08,> 450 Mbps,450,1462,3.2488888888888887
56200_001,255629.0,2324349.0,> 240 Mbps,240,2291,9.545833333333333
56205_001,220358.68,2296070.78,> 450 Mbps,450,2093,4.651111111111111
56206_001,219685.64,2309979.28,> 450 Mbps,450,3253,7.228888888888889
56210_002,176204.93,2353835.61,> 450 Mbps,450,1786,3.968888888888889
56212_001,262615.37,2292020.28,> 450 Mbps,450,5577,12.393333333333333
56213_001,210600.0,2358590.0,> 240 Mbps,240,938,3.908333333333333
56214_002,210544.01,2292440.0,> 450 Mbps,450,5454,12.12
56219_001,239245.02,2318835.96,> 450 Mbps,450,1313,2.917777777777778
56220_002,185768.39,2316989.94,> 450 Mbps,450,1592,3.537777777777778
56221_001,257380.0,2308120.0,> 240 Mbps,240,3114,12.975
56222_001,221300.94,2327888.39,> 450 Mbps,450,2107,4.682222222222222
56231_001,225145.01,2312012.0,> 450 Mbps,450,2575,5.722222222222222
56233_001,200439.0,2302076.0,> 240 Mbps,240,3142,13.091666666666669
56234_003,187726.01,2293337.99,> 240 Mbps,240,2426,10.108333333333333
56240_006,221781.0,2291792.0,> 240 Mbps,240,1823,7.595833333333333
56240_008,214620.0,2292625.0,> 240 Mbps,240,4295,17.895833333333332
56241_001,180861.0,2276259.0,> 450 Mbps,450,1127,2.5044444444444443
56243_003,219199.57,2302419.24,> 450 Mbps,450,2897,6.437777777777778
56244_003,238265.0,2324809.0,> 240 Mbps,240,1411,5.879166666666666
56244_005,242653.0,2323425.0,> 240 Mbps,240,673,2.8041666666666667
56246_004,202042.13,2351470.44,> 450 Mbps,450,1996,4.435555555555555
56247_001,231763.0,2307948.0,> 240 Mbps,240,2076,8.65
56248_001,227575.0,2298455.0,> 450 Mbps,450,2807,6.237777777777778
56251_002,224121.77,2304583.66,> 240 Mbps,240,4061,16.920833333333334
56258_001,195570.0,2302130.0,> 450 Mbps,450,1997,4.437777777777778
56258_002,196900.0,2301280.0,> 450 Mbps,450,1875,4.166666666666667
56259_003,229875.0,2300515.0,> 450 Mbps,450,2592,5.76
56260_002,216022.81,2307992.05,> 240 Mbps,240,7073,29.47083333333333
56260_006,221275.01,2307366.03,> 14 Mbps,14,3344,238.8571428571429
56260_007,216352.98,2306568.99,> 190 Mbps,190,5726,30.13684210526316
56260_008,216627.79,2308940.14,> 240 Mbps,240,6483,27.0125
56260_011,218388.56,2305907.69,> 450 Mbps,450,3225,7.166666666666667
56260_016,216934.83,2305624.87,> 450 Mbps,450,3631,8.068888888888889
56260_017,217517.17,2310057.45,> 240 Mbps,240,6349,26.454166666666666
56260_019,214749.08,2308861.17,> 1 Gbps,1000,2228,2.228
56260_026,219535.2,2308452.8,> 240 Mbps,240,5845,24.354166666666668
56261_001,233630.0,2311225.0,> 240 Mbps,240,1517,6.320833333333334
