Site,Transmitter Easting,Transmitter northing,nom_reg,nom_dep,insee_dep,nom_com,insee_com,700MHz,800MHz,900MHz,1800MHz,2100MHz,2600MHz,3500MHz,Capacite_theorique,Capacite_th,Site_Population,Population/Capacity
22001_001,216304.35,2379168.14,BRETAGNE,COTES D ARMOR,22,ALLINEUC,22001,4G,,3G,4G,3G,4G,0,> 240 Mbps,240,2186,9.10833333333333
22004_002,184600,2418380,BRETAGNE,COTES D ARMOR,22,BEGARD,22004,4G/5G,,3G,4G,3G,4G,0,> 450 Mbps,450,4039,8.97555555555556
22007_003,218859.75,2413778.09,BRETAGNE,COTES D ARMOR,22,BINIC ETABLES SUR MER,22055,4G/5G,,3G,4G,3G,4G,0,> 450 Mbps,450,4627,10.2822222222222
22013_001,191596.83,2399739.93,BRETAGNE,COTES D ARMOR,22,BOURBRIAC,22013,4G/5G,,3G,4G,3G,4G,0,> 450 Mbps,450,1612,3.58222222222222
22020_001,258690.01,2378074.98,BRETAGNE,COTES D ARMOR,22,BROONS,22020,4G/5G,,3G,4G,3G,4G,0,> 450 Mbps,450,2644,5.87555555555556
22021_001,272246.9,2385217.49,BRETAGNE,COTES D ARMOR,22,BRUSVILY,22021,4G/5G,,3G,4G,3G,4G,0,> 450 Mbps,450,2375,5.27777777777778
22030_001,179176,2427410,BRETAGNE,COTES D ARMOR,22,CAOUENNEC LANVEZEAC,22030,4G/5G,,3G,4G,3G,4G,0,> 450 Mbps,450,2056,4.56888888888889
22032_001,267708.36,2376471.32,BRETAGNE,COTES D ARMOR,22,CAULNES,22032,4G/5G,,3G,4G,3G,4G,0,> 450 Mbps,450,2011,4.46888888888889
22032_002,264230.77,2374383.68,BRETAGNE,COTES D ARMOR,22,CAULNES,22032,4G/5G,,3G,4G,3G,4G,0,> 450 Mbps,450,607,1.34888888888889
22033_002,200890,2371810,BRETAGNE,COTES D ARMOR,22,CAUREL,22033,4G,,3G,4G,3G,4G,0,> 240 Mbps,240,949,3.95416666666667
22039_002,227807,2360508,BRETAGNE,COTES D ARMOR,22,CHEZE,22039,4G,,3G,4G,3G,4G,0,> 240 Mbps,240,1200,5
22042_002,183263.13,2433879.27,BRETAGNE,COTES D ARMOR,22,COATREVEN,22042,4G/5G,,3G,4G,3G,4G,0,> 450 Mbps,450,2326,5.16888888888889
22044_001,236393.99,2397691.96,BRETAGNE,COTES D ARMOR,22,COETMIEUX,22044,4G/5G,,3G,4G,3G,4G,0,> 450 Mbps,450,3620,8.04444444444444
22046_001,238055.1,2378181.37,BRETAGNE,COTES D ARMOR,22,MENE,22046,4G,,3G,4G,3G,4G,0,> 240 Mbps,240,1501,6.25416666666667
22046_002,247310.78,2376967.93,BRETAGNE,COTES D ARMOR,22,MENE,22046,4G/5G,,3G,4G,3G,4G,0,> 450 Mbps,450,899,1.99777777777778
22047_001,201095,2381260,BRETAGNE,COTES D ARMOR,22,CORLAY,22047,4G,,3G,4G,3G,4G,0,> 240 Mbps,240,2312,9.63333333333333
22048_001,266573.04,2397184.9,BRETAGNE,COTES D ARMOR,22,CORSEUL,22048,4G/5G,,3G,4G,3G,4G,0,> 450 Mbps,450,1286,2.85777777777778
22050_002,274554.77,2393463.81,BRETAGNE,COTES D ARMOR,22,QUEVERT,22259,4G/5G,,3G,4G,3G,4G,5G,> 1 Gbps,1000,5283,5.283
22051_001,253600,2386206,BRETAGNE,COTES D ARMOR,22,JUGON LES LACS COMMUNE NOUVELLE,22084,4G,,3G,4G,3G,4G,0,> 240 Mbps,240,2300,9.58333333333333
22052_001,170635.22,2390516.62,BRETAGNE,COTES D ARMOR,22,DUAULT,22052,4G/5G,,3G,4G,3G,4G,0,> 450 Mbps,450,3895,8.65555555555556
22054_001,247248.99,2413802.05,BRETAGNE,COTES D ARMOR,22,ERQUY,22054,4G/5G,,3G,4G,3G,4G,0,> 450 Mbps,450,4209,9.35333333333333
22055_001,218105.82,2416689.72,BRETAGNE,COTES D ARMOR,22,BINIC ETABLES SUR MER,22055,4G,,3G,4G,3G,4G,0,> 240 Mbps,240,4526,18.8583333333333
22056_001,283112.51,2386060.84,BRETAGNE,COTES D ARMOR,22,EVRAN,22056,4G/5G,,3G,4G,3G,4G,0,> 450 Mbps,450,2756,6.12444444444444
22062_001,241956.29,2366390.8,BRETAGNE,COTES D ARMOR,22,GOMENE,22062,4G,,3G,4G,3G,4G,0,> 240 Mbps,240,308,1.28333333333333
22070_001,195147,2410831,BRETAGNE,COTES D ARMOR,22,GUINGAMP,22070,4G/5G,,3G,4G,3G,4G,0,> 450 Mbps,450,7259,16.1311111111111
22076_001,251647.02,2405360.49,BRETAGNE,COTES D ARMOR,22,HENANBIHEN,22076,4G/5G,,3G,4G,3G,4G,0,> 450 Mbps,450,1370,3.04444444444444
22077_001,248693,2402783,BRETAGNE,COTES D ARMOR,22,HENANSAL,22077,4G/5G,,3G,4G,3G,4G,0,> 450 Mbps,450,1164,2.58666666666667
22079_002,228943.87,2386873.85,BRETAGNE,COTES D ARMOR,22,HENON,22079,4G/5G,,3G,4G,3G,4G,0,> 450 Mbps,450,1341,2.98
22084_005,255450,2389970,BRETAGNE,COTES D ARMOR,22,JUGON LES LACS COMMUNE NOUVELLE,22084,4G/5G,,3G,4G,3G,4G,0,> 450 Mbps,450,1079,2.39777777777778
22084_006,256978.01,2391169.99,BRETAGNE,COTES D ARMOR,22,JUGON LES LACS COMMUNE NOUVELLE,22084,4G,,3G,4G,3G,4G,0,> 240 Mbps,240,879,3.6625
22088_001,189763.09,2393986.78,BRETAGNE,COTES D ARMOR,22,KERIEN,22088,4G,,3G,4G,3G,4G,0,> 240 Mbps,240,1009,4.20416666666667
22093_004,242566.27,2394909.19,BRETAGNE,COTES D ARMOR,22,LAMBALLE ARMOR,22093,4G/5G,,3G,4G,3G,4G,0,> 450 Mbps,450,7917,17.5933333333333
22097_001,266424.75,2390810.69,BRETAGNE,COTES D ARMOR,22,LANDEC,22097,4G/5G,,3G,4G,3G,4G,0,> 450 Mbps,450,1660,3.68888888888889
22100_001,231810,2376100,BRETAGNE,COTES D ARMOR,22,PLOUGUENAST LANGAST,22219,4G,,3G,4G,3G,4G,0,> 240 Mbps,240,2161,9.00416666666667
22106_002,226208.67,2400386.55,BRETAGNE,COTES D ARMOR,22,LANGUEUX,22106,4G,,3G,4G,3G,4G,0,> 240 Mbps,240,2804,11.6833333333333
22106_004,228696.67,2399262.53,BRETAGNE,COTES D ARMOR,22,LANGUEUX,22106,4G/5G,,3G,4G,3G,4G,0,> 450 Mbps,450,3658,8.12888888888889
22113_001,172607.42,2429959.14,BRETAGNE,COTES D ARMOR,22,LANNION,22113,4G/5G,,3G,4G,3G,4G,0,> 450 Mbps,450,5800,12.8888888888889
22113_006,170554,2433038,BRETAGNE,COTES D ARMOR,22,LANNION,22113,4G/5G,,3G,4G,3G,4G,0,> 450 Mbps,450,943,2.09555555555556
22113_008,173118,2434911,BRETAGNE,COTES D ARMOR,22,LANNION,22113,4G/5G,,3G,4G,3G,4G,0,> 450 Mbps,450,953,2.11777777777778
22113_009,173805.96,2432505.39,BRETAGNE,COTES D ARMOR,22,LANNION,22113,4G/5G,,3G,4G,3G,4G,0,> 450 Mbps,450,2299,5.10888888888889
22113_010,174207.66,2430515.62,BRETAGNE,COTES D ARMOR,22,LANNION,22113,4G,,3G,4G,3G,4G,0,> 240 Mbps,240,3440,14.3333333333333
22113_011,175332.17,2430768.16,BRETAGNE,COTES D ARMOR,22,LANNION,22113,4G/5G,,3G,4G,3G,4G,0,> 450 Mbps,450,2268,5.04
22117_001,213540.36,2412329.85,BRETAGNE,COTES D ARMOR,22,LANTIC,22117,4G,,3G,4G,3G,4G,0,> 240 Mbps,240,1784,7.43333333333333
22118_002,278669.8,2390866.71,BRETAGNE,COTES D ARMOR,22,CHAMPS GERAUX,22035,4G/5G,,3G,4G,3G,4G,5G,> 1 Gbps,1000,2515,2.515
22121_001,207803,2418012,BRETAGNE,COTES D ARMOR,22,LANVOLLON,22121,4G/5G,,3G,4G,3G,4G,0,> 450 Mbps,450,7584,16.8533333333333
22122_001,238883.16,2366171.45,BRETAGNE,COTES D ARMOR,22,LAURENAN,22122,4G/5G,,3G,4G,3G,4G,0,> 450 Mbps,450,872,1.93777777777778
22123_001,274109.22,2391688.26,BRETAGNE,COTES D ARMOR,22,DINAN,22050,4G/5G,,3G,4G,3G,4G,0,> 450 Mbps,450,11147,24.7711111111111
22127_001,199824.85,2435566.06,BRETAGNE,COTES D ARMOR,22,LEZARDRIEUX,22127,4G/5G,,3G,4G,3G,4G,0,> 450 Mbps,450,3851,8.55777777777778
22131_001,170025,2407910,BRETAGNE,COTES D ARMOR,22,LOGUIVY PLOUGRAS,22131,4G,,3G,4G,3G,4G,0,> 240 Mbps,240,678,2.825
22134_001,178799.17,2436487.71,BRETAGNE,COTES D ARMOR,22,LOUANNEC,22134,4G/5G,,3G,4G,3G,4G,0,> 450 Mbps,450,4273,9.49555555555556
22135_003,182478.67,2411359.14,BRETAGNE,COTES D ARMOR,22,LOUARGAT,22135,4G,,3G,4G,3G,4G,0,> 240 Mbps,240,1473,6.1375
22136_001,221553.53,2365352.14,BRETAGNE,COTES D ARMOR,22,LOUDEAC,22136,4G,,3G,4G,3G,4G,0,> 240 Mbps,240,5480,22.8333333333333
22136_002,220388,2363137,BRETAGNE,COTES D ARMOR,22,LOUDEAC,22136,4G,,3G,4G,3G,4G,0,> 240 Mbps,240,2439,10.1625
22140_002,242473.76,2389263.78,BRETAGNE,COTES D ARMOR,22,MALHOURE,22140,4G/5G,,3G,4G,3G,4G,0,> 450 Mbps,450,1874,4.16444444444444
22143_001,259678,2409450,BRETAGNE,COTES D ARMOR,22,MATIGNON,22143,4G/5G,,3G,4G,3G,4G,0,> 450 Mbps,450,1431,3.18
22147_001,246587.28,2365984.67,BRETAGNE,COTES D ARMOR,22,MERDRIGNAC,22147,4G/5G,,3G,4G,3G,4G,0,> 450 Mbps,450,1673,3.71777777777778
22155_001,221470.66,2372400.24,BRETAGNE,COTES D ARMOR,22,MOTTE,22155,4G/5G,,3G,4G,3G,4G,0,> 450 Mbps,450,2362,5.24888888888889
22158_001,203622.05,2370419.02,BRETAGNE,COTES D ARMOR,22,GUERLEDAN,22158,4G/5G,,3G,4G,3G,4G,0,> 450 Mbps,450,693,1.54
22158_002,206422.37,2368337.41,BRETAGNE,COTES D ARMOR,22,GUERLEDAN,22158,4G/5G,,3G,4G,3G,4G,0,> 450 Mbps,450,1637,3.63777777777778
22161_001,196429.83,2410542.17,BRETAGNE,COTES D ARMOR,22,SAINT AGATHON,22272,4G/5G,,3G,4G,3G,4G,5G,> 1 Gbps,1000,2549,2.549
22162_001,204900.35,2431375.12,BRETAGNE,COTES D ARMOR,22,PAIMPOL,22162,4G,,3G,4G,3G,4G,0,> 240 Mbps,240,8876,36.9833333333333
22163_001,170065.99,2378621.81,BRETAGNE,COTES D ARMOR,22,PAULE,22163,4G/5G,,3G,4G,3G,4G,0,> 450 Mbps,450,2494,5.54222222222222
22163_002,169504.7,2373273.48,BRETAGNE,COTES D ARMOR,22,PAULE,22163,4G/5G,,3G,4G,3G,4G,0,> 450 Mbps,450,1643,3.65111111111111
22164_001,188081.71,2412662.29,BRETAGNE,COTES D ARMOR,22,PEDERNEC,22164,4G,,3G,4G,3G,4G,0,> 240 Mbps,240,1409,5.87083333333333
22166_001,185475,2438997,BRETAGNE,COTES D ARMOR,22,PENVENAN,22166,4G/5G,,3G,4G,3G,4G,0,> 450 Mbps,450,3494,7.76444444444444
22168_002,173514.87,2438606.68,BRETAGNE,COTES D ARMOR,22,PERROS GUIREC,22168,4G/5G,,3G,4G,3G,4G,0,> 450 Mbps,450,6276,13.9466666666667
22171_001,218205.26,2391427.9,BRETAGNE,COTES D ARMOR,22,PLAINTEL,22171,4G/5G,,3G,4G,3G,4G,0,> 450 Mbps,450,1764,3.92
22171_002,219405.46,2394011.99,BRETAGNE,COTES D ARMOR,22,PLAINTEL,22171,4G/5G,,3G,4G,3G,4G,0,> 450 Mbps,450,2051,4.55777777777778
22172_003,262565,2400350,BRETAGNE,COTES D ARMOR,22,PLANCOET,22172,0,,3G,4G,3G,4G,0,> 240 Mbps,240,4657,19.4041666666667
22176_001,223750,2394900,BRETAGNE,COTES D ARMOR,22,PLEDRAN,22176,4G/5G,,3G,4G,3G,4G,0,> 450 Mbps,450,2965,6.58888888888889
22176_003,227765.09,2394398.77,BRETAGNE,COTES D ARMOR,22,QUESSOY,22258,4G/5G,,3G,4G,3G,4G,0,> 450 Mbps,450,1041,2.31333333333333
22179_002,250592.57,2415227.63,BRETAGNE,COTES D ARMOR,22,FREHEL,22179,4G,,3G,4G,3G,4G,0,> 240 Mbps,240,798,3.325
22179_004,252715.62,2413174.84,BRETAGNE,COTES D ARMOR,22,FREHEL,22179,4G/5G,,3G,4G,3G,4G,0,> 450 Mbps,450,2104,4.67555555555556
22179_006,258033.28,2416970.67,BRETAGNE,COTES D ARMOR,22,PLEVENON,22201,4G/5G,,3G,4G,3G,4G,0,> 450 Mbps,450,783,1.74
22180_004,262134.4,2390022.16,BRETAGNE,COTES D ARMOR,22,PLELAN LE PETIT,22180,4G/5G,,3G,4G,3G,4G,0,> 450 Mbps,450,1355,3.01111111111111
22182_001,209018.98,2406523,BRETAGNE,COTES D ARMOR,22,PLELO,22182,4G,,3G,4G,3G,4G,0,> 240 Mbps,240,3652,15.2166666666667
22184_001,230010,2382700,BRETAGNE,COTES D ARMOR,22,PLEMY,22184,4G,,3G,4G,3G,4G,0,> 240 Mbps,240,1462,6.09166666666667
22186_001,239196.69,2409755.32,BRETAGNE,COTES D ARMOR,22,PLENEUF VAL ANDRE,22186,4G/5G,,3G,4G,3G,4G,0,> 450 Mbps,450,4484,9.96444444444444
22186_002,243230.21,2409981.58,BRETAGNE,COTES D ARMOR,22,PLENEUF VAL ANDRE,22186,4G/5G,,3G,4G,3G,4G,0,> 450 Mbps,450,1641,3.64666666666667
22187_001,223240.81,2404196.58,BRETAGNE,COTES D ARMOR,22,PLERIN,22187,4G/5G,,3G,4G,3G,4G,5G,> 1 Gbps,1000,12245,12.245
22187_002,221208.12,2406775.02,BRETAGNE,COTES D ARMOR,22,PLERIN,22187,4G/5G,,3G,4G,3G,4G,0,> 450 Mbps,450,2300,5.11111111111111
22187_005,224051.78,2405443.24,BRETAGNE,COTES D ARMOR,22,PLERIN,22187,4G,,3G,4G,3G,4G,0,> 240 Mbps,240,3119,12.9958333333333
22189_001,197770,2400180,BRETAGNE,COTES D ARMOR,22,PLESIDY,22189,4G,,3G,4G,3G,4G,0,> 240 Mbps,240,1079,4.49583333333333
22190_004,225986,2405546,BRETAGNE,COTES D ARMOR,22,PLERIN,22187,4G/5G,,3G,4G,3G,4G,0,> 450 Mbps,450,4644,10.32
22191_001,235257.22,2380673.12,BRETAGNE,COTES D ARMOR,22,MENE,22046,4G,,3G,4G,3G,4G,0,> 240 Mbps,240,1081,4.50416666666667
22193_001,246950,2390610,BRETAGNE,COTES D ARMOR,22,PLESTAN,22193,4G,,3G,4G,3G,4G,0,> 240 Mbps,240,1366,5.69166666666667
22194_001,161137.79,2422576.34,BRETAGNE,COTES D ARMOR,22,PLESTIN LES GREVES,22194,4G/5G,,3G,4G,3G,4G,0,> 450 Mbps,450,4913,10.9177777777778
22197_003,283174,2398847,BRETAGNE,COTES D ARMOR,22,PLEUDIHEN SUR RANCE,22197,4G,,3G,4G,3G,4G,0,> 240 Mbps,240,3101,12.9208333333333
22198_001,169714.29,2435411.92,BRETAGNE,COTES D ARMOR,22,PLEUMEUR BODOU,22198,4G/5G,,3G,4G,3G,4G,0,> 450 Mbps,450,1124,2.49777777777778
22203_001,223038.98,2384820.03,BRETAGNE,COTES D ARMOR,22,PLOEUC L HERMITAGE,22203,4G,,3G,4G,3G,4G,0,> 240 Mbps,240,1822,7.59166666666667
22207_001,170350,2417245,BRETAGNE,COTES D ARMOR,22,PLOUARET,22207,4G/5G,,3G,4G,3G,4G,0,> 450 Mbps,450,1994,4.43111111111111
22207_002,170245.54,2420471.02,BRETAGNE,COTES D ARMOR,22,PLOUARET,22207,4G/5G,,3G,4G,3G,4G,0,> 450 Mbps,450,982,2.18222222222222
22210_001,204577.33,2435919.43,BRETAGNE,COTES D ARMOR,22,PLOUBAZLANEC,22210,4G/5G,,3G,4G,3G,4G,0,> 450 Mbps,450,6588,14.64
22211_001,175720,2427360,BRETAGNE,COTES D ARMOR,22,PLOUBEZRE,22211,4G/5G,,3G,4G,3G,4G,0,> 450 Mbps,450,1803,4.00666666666667
22213_002,278145,2401640,BRETAGNE,COTES D ARMOR,22,PLOUER SUR RANCE,22213,4G/5G,,3G,4G,3G,4G,0,> 450 Mbps,450,4110,9.13333333333333
22215_002,222959.67,2401124.96,BRETAGNE,COTES D ARMOR,22,PLOUFRAGAN,22215,4G,,3G,4G,3G,4G,0,> 240 Mbps,240,4734,19.725
22215_003,220433.42,2400888.49,BRETAGNE,COTES D ARMOR,22,PLOUFRAGAN,22215,4G/5G,,3G,4G,3G,4G,0,> 450 Mbps,450,4571,10.1577777777778
22215_006,220315.5,2398052.42,BRETAGNE,COTES D ARMOR,22,PLOUFRAGAN,22215,4G,,3G,4G,3G,4G,0,> 240 Mbps,240,1295,5.39583333333333
22215_007,222170,2401700,BRETAGNE,COTES D ARMOR,22,PLOUFRAGAN,22215,4G,,3G,4G,3G,4G,0,> 240 Mbps,240,2665,11.1041666666667
22219_001,225970.95,2377547.94,BRETAGNE,COTES D ARMOR,22,PLOUGUENAST LANGAST,22219,4G/5G,,3G,4G,3G,4G,0,> 450 Mbps,450,1073,2.38444444444444
22220_001,185268.87,2375473.81,BRETAGNE,COTES D ARMOR,22,PLOUGUERNEVEL,22220,4G,,3G,4G,3G,4G,0,> 240 Mbps,240,1379,5.74583333333333
22221_001,190729.65,2436917.57,BRETAGNE,COTES D ARMOR,22,PLOUGUIEL,22221,4G/5G,,3G,4G,3G,4G,0,> 450 Mbps,450,2939,6.53111111111111
22223_001,192440,2410431.99,BRETAGNE,COTES D ARMOR,22,PLOUISY,22223,4G/5G,,3G,4G,3G,4G,0,> 450 Mbps,450,2637,5.86
22223_003,196327,2413739.41,BRETAGNE,COTES D ARMOR,22,PABU,22161,4G/5G,,3G,4G,3G,4G,0,> 450 Mbps,450,962,2.13777777777778
22226_001,168210,2426545,BRETAGNE,COTES D ARMOR,22,PLOUMILLIAU,22226,4G/5G,,3G,4G,3G,4G,0,> 450 Mbps,450,1861,4.13555555555556
22227_001,165851.73,2412613.37,BRETAGNE,COTES D ARMOR,22,PLOUNERIN,22227,4G,,3G,4G,3G,4G,0,> 240 Mbps,240,418,1.74166666666667
22228_001,175328,2409548,BRETAGNE,COTES D ARMOR,22,PLOUNEVEZ MOEDEC,22228,4G,,3G,4G,3G,4G,0,> 240 Mbps,240,1492,6.21666666666667
22228_002,172020,2411170,BRETAGNE,COTES D ARMOR,22,PLOUNEVEZ MOEDEC,22228,4G/5G,,3G,4G,3G,4G,0,> 450 Mbps,450,785,1.74444444444444
22237_002,258894.75,2402797.63,BRETAGNE,COTES D ARMOR,22,PLUDUNO,22237,4G/5G,,3G,4G,3G,4G,0,> 450 Mbps,450,1535,3.41111111111111
22240_001,258221.99,2373863.09,BRETAGNE,COTES D ARMOR,22,PLUMAUGAT,22240,4G/5G,,3G,4G,3G,4G,0,> 450 Mbps,450,1210,2.68888888888889
22241_001,234300,2355180,BRETAGNE,COTES D ARMOR,22,PLUMIEUX,22241,4G,,3G,4G,3G,4G,0,> 240 Mbps,240,1849,7.70416666666667
22245_001,181953.08,2420874.94,BRETAGNE,COTES D ARMOR,22,PLUZUNET,22245,4G/5G,,3G,4G,3G,4G,0,> 450 Mbps,450,1761,3.91333333333333
22246_001,233330.05,2396121.25,BRETAGNE,COTES D ARMOR,22,POMMERET,22246,4G,,3G,4G,3G,4G,0,> 240 Mbps,240,2111,8.79583333333333
22247_001,190550,2430670,BRETAGNE,COTES D ARMOR,22,ROCHE JAUDY,22264,4G/5G,,3G,4G,3G,4G,0,> 450 Mbps,450,2904,6.45333333333333
22248_001,197123.97,2416728.21,BRETAGNE,COTES D ARMOR,22,POMMERIT LE VICOMTE,22248,4G/5G,,3G,4G,3G,4G,0,> 450 Mbps,450,1604,3.56444444444444
22249_001,184020,2401893,BRETAGNE,COTES D ARMOR,22,PONT MELVEZ,22249,4G,,3G,4G,3G,4G,0,> 240 Mbps,240,1682,7.00833333333333
22251_002,219500.1,2408489.07,BRETAGNE,COTES D ARMOR,22,PORDIC,22251,4G/5G,,3G,4G,3G,4G,0,> 450 Mbps,450,4559,10.1311111111111
22255_001,228250,2365140,BRETAGNE,COTES D ARMOR,22,PRENESSAYE,22255,4G,,3G,4G,3G,4G,0,> 240 Mbps,240,1285,5.35416666666667
22256_001,196142.92,2425352.55,BRETAGNE,COTES D ARMOR,22,PONTRIEUX,22250,4G,,3G,4G,3G,4G,0,> 240 Mbps,240,3032,12.6333333333333
22258_001,230053.26,2391682.14,BRETAGNE,COTES D ARMOR,22,QUESSOY,22258,4G/5G,,3G,4G,3G,4G,0,> 450 Mbps,450,1769,3.93111111111111
22259_003,272892.48,2395102.95,BRETAGNE,COTES D ARMOR,22,QUEVERT,22259,4G,,3G,4G,3G,4G,0,> 240 Mbps,240,1972,8.21666666666667
22266_002,180857,2375109,BRETAGNE,COTES D ARMOR,22,ROSTRENEN,22266,4G,,3G,4G,3G,4G,0,> 240 Mbps,240,4059,16.9125
22272_002,197841,2408955,BRETAGNE,COTES D ARMOR,22,SAINT AGATHON,22272,4G/5G,,3G,4G,3G,4G,0,> 450 Mbps,450,2220,4.93333333333333
22273_001,240000,2405355,BRETAGNE,COTES D ARMOR,22,SAINT ALBAN,22273,4G/5G,,3G,4G,3G,4G,0,> 450 Mbps,450,2086,4.63555555555556
22277_003,211550.84,2390244.12,BRETAGNE,COTES D ARMOR,22,SAINT BRANDAN,22277,4G/5G,,3G,4G,3G,4G,0,> 450 Mbps,450,3738,8.30666666666667
22277_004,214700,2388410,BRETAGNE,COTES D ARMOR,22,SAINT BRANDAN,22277,4G,,3G,4G,3G,4G,0,> 240 Mbps,240,1104,4.6
22278_001,225256.24,2401482.9,BRETAGNE,COTES D ARMOR,22,SAINT BRIEUC,22278,4G,,3G,4G,3G,4G,0,> 240 Mbps,240,6833,28.4708333333333
22278_005,220979.91,2403350,BRETAGNE,COTES D ARMOR,22,SAINT BRIEUC,22278,4G,,3G,4G,3G,4G,0,> 240 Mbps,240,4262,17.7583333333333
22278_009,222051.02,2403277.59,BRETAGNE,COTES D ARMOR,22,SAINT BRIEUC,22278,4G/5G,,3G,4G,3G,4G,0,> 450 Mbps,450,3872,8.60444444444445
22281_001,224892,2389320,BRETAGNE,COTES D ARMOR,22,SAINT CARREUC,22281,4G,,3G,4G,3G,4G,0,> 240 Mbps,240,733,3.05416666666667
22282_004,261091.5,2412735.41,BRETAGNE,COTES D ARMOR,22,SAINT CAST LE GUILDO,22282,4G,,3G,4G,3G,4G,0,> 240 Mbps,240,2994,12.475
22282_006,261899.41,2409693.28,BRETAGNE,COTES D ARMOR,22,SAINT CAST LE GUILDO,22282,4G/5G,,3G,4G,3G,4G,0,> 450 Mbps,450,2971,6.60222222222222
22283_001,198480.65,2422121.57,BRETAGNE,COTES D ARMOR,22,SAINT CLET,22283,4G/5G,,3G,4G,3G,4G,0,> 450 Mbps,450,2713,6.02888888888889
22287_001,212320,2398279,BRETAGNE,COTES D ARMOR,22,SAINT DONAN,22287,4G,,3G,4G,3G,4G,0,> 240 Mbps,240,2164,9.01666666666667
22290_001,196222,2371792,BRETAGNE,COTES D ARMOR,22,BON REPOS SUR BLAVET,22107,4G,,3G,4G,3G,4G,0,> 240 Mbps,240,1551,6.4625
22304_001,204177.1,2408170.91,BRETAGNE,COTES D ARMOR,22,SAINT JEAN KERDANIEL,22304,4G,,3G,4G,3G,4G,0,> 240 Mbps,240,1991,8.29583333333333
22309_003,249440,2369790,BRETAGNE,COTES D ARMOR,22,SAINT LAUNEUC,22309,4G,,3G,4G,3G,4G,0,> 240 Mbps,240,482,2.00833333333333
22321_001,191832.97,2382939.45,BRETAGNE,COTES D ARMOR,22,SAINT NICOLAS DU PELEM,22321,4G,,3G,4G,3G,4G,0,> 240 Mbps,240,2416,10.0666666666667
22325_002,219350,2418280,BRETAGNE,COTES D ARMOR,22,SAINT QUAY PORTRIEUX,22325,4G/5G,,3G,4G,3G,4G,0,> 450 Mbps,450,3268,7.26222222222222
22333_001,243525,2371285,BRETAGNE,COTES D ARMOR,22,SAINT VRAN,22333,4G,,3G,4G,3G,4G,0,> 240 Mbps,240,256,1.06666666666667
22343_002,165347.63,2435978.82,BRETAGNE,COTES D ARMOR,22,TREBEURDEN,22343,4G,,3G,4G,3G,4G,0,> 240 Mbps,240,1687,7.02916666666667
22343_005,167584.24,2435396.62,BRETAGNE,COTES D ARMOR,22,TREBEURDEN,22343,4G/5G,,3G,4G,3G,4G,0,> 450 Mbps,450,1493,3.31777777777778
22343_006,167119.33,2436877.06,BRETAGNE,COTES D ARMOR,22,TREBEURDEN,22343,4G/5G,,3G,4G,3G,4G,0,> 450 Mbps,450,1335,2.96666666666667
22347_001,192252.02,2436159.03,BRETAGNE,COTES D ARMOR,22,TREDARZEC,22347,4G,,3G,4G,3G,4G,0,> 240 Mbps,240,2553,10.6375
22349_001,166674.64,2428033.84,BRETAGNE,COTES D ARMOR,22,TREDREZ LOCQUEMEAU,22349,4G/5G,,3G,4G,3G,4G,0,> 450 Mbps,450,1906,4.23555555555556
22353_002,170140.43,2439399.21,BRETAGNE,COTES D ARMOR,22,PLEUMEUR BODOU,22198,4G/5G,,3G,4G,3G,4G,0,> 450 Mbps,450,2280,5.06666666666667
22353_003,170626.52,2442025.51,BRETAGNE,COTES D ARMOR,22,TREGASTEL,22353,4G,,3G,4G,3G,4G,0,> 240 Mbps,240,1198,4.99166666666667
22359_002,178889,2416268,BRETAGNE,COTES D ARMOR,22,TREGROM,22359,4G/5G,,3G,4G,3G,4G,0,> 450 Mbps,450,640,1.42222222222222
22360_001,224758.95,2399050.94,BRETAGNE,COTES D ARMOR,22,TREGUEUX,22360,4G/5G,,3G,4G,3G,4G,5G,> 1 Gbps,1000,5969,5.969
22364_001,272750,2391610,BRETAGNE,COTES D ARMOR,22,TRELIVAN,22364,4G/5G,,3G,4G,3G,4G,0,> 450 Mbps,450,1615,3.58888888888889
22371_001,255667.84,2365596.41,BRETAGNE,COTES D ARMOR,22,TREMOREL,22371,4G,,3G,4G,3G,4G,0,> 240 Mbps,240,1133,4.72083333333333
22379_001,182140,2438680,BRETAGNE,COTES D ARMOR,22,TREVOU TREGUIGNEC,22379,4G/5G,,3G,4G,3G,4G,0,> 450 Mbps,450,2206,4.90222222222222
22389_002,230947.15,2398932.53,BRETAGNE,COTES D ARMOR,22,YFFINIAC,22389,4G/5G,,3G,4G,3G,4G,5G,> 1 Gbps,1000,2362,2.362
29004_001,149847.35,2343904.62,BRETAGNE,FINISTERE,29,BANNALEC,29004,4G,,3G,4G,3G,4G,0,> 240 Mbps,240,3258,13.575
29006_001,118335,2339580,BRETAGNE,FINISTERE,29,BENODET,29006,4G,,3G,4G,3G,4G,0,> 240 Mbps,240,4193,17.4708333333333
29007_001,149721,2396397.71,BRETAGNE,FINISTERE,29,BERRIEN,29007,4G,,3G,4G,3G,4G,0,> 240 Mbps,240,1028,4.28333333333333
29011_001,93593,2404383,BRETAGNE,FINISTERE,29,BOHARS,29011,4G/5G,,3G,4G,3G,4G,0,> 450 Mbps,450,2225,4.94444444444444
29015_003,95669.18,2411790.56,BRETAGNE,FINISTERE,29,BOURG BLANC,29015,4G/5G,,3G,4G,3G,4G,0,> 450 Mbps,450,1691,3.75777777777778
29016_001,132628.01,2384646,BRETAGNE,FINISTERE,29,BRASPARTS,29016,4G,,3G,4G,3G,4G,0,> 240 Mbps,240,1202,5.00833333333333
29019_001,93249,2398110.01,BRETAGNE,FINISTERE,29,BREST,29019,4G,,3G,4G,3G,4G,0,> 240 Mbps,240,2049,8.5375
29019_002,95458,2399543.05,BRETAGNE,FINISTERE,29,BREST,29019,0,,3G,0,3G,4G,0,> 190 Mbps,190,4119,21.678947368421
29019_004,101198.34,2399474.08,BRETAGNE,FINISTERE,29,RELECQ KERHUON,29235,4G/5G,,3G,4G,3G,4G,5G,> 1 Gbps,1000,5602,5.602
29019_009,96654.97,2400124,BRETAGNE,FINISTERE,29,BREST,29019,4G/5G,,3G,4G,3G,4G,0,> 450 Mbps,450,5626,12.5022222222222
29019_010,93821.06,2398978.95,BRETAGNE,FINISTERE,29,BREST,29019,4G/5G,,3G,4G,3G,4G,0,> 450 Mbps,450,4851,10.78
29019_011,98265.02,2399619.94,BRETAGNE,FINISTERE,29,BREST,29019,4G/5G,,3G,4G,3G,4G,0,> 450 Mbps,450,2107,4.68222222222222
29019_012,94569.99,2400990,BRETAGNE,FINISTERE,29,BREST,29019,4G,,3G,4G,3G,4G,0,> 240 Mbps,240,8836,36.8166666666667
29019_013,96435.06,2401269.95,BRETAGNE,FINISTERE,29,BREST,29019,4G/5G,,3G,4G,3G,4G,0,> 450 Mbps,450,4482,9.96
29019_015,94642.88,2399177.69,BRETAGNE,FINISTERE,29,BREST,29019,4G,,3G,4G,3G,4G,0,> 240 Mbps,240,904,3.76666666666667
29019_016,92422.31,2398614.61,BRETAGNE,FINISTERE,29,BREST,29019,4G/5G,,3G,4G,3G,4G,0,> 450 Mbps,450,6437,14.3044444444444
29019_018,93334.04,2400895.01,BRETAGNE,FINISTERE,29,BREST,29019,4G/5G,,3G,4G,3G,4G,0,> 450 Mbps,450,7824,17.3866666666667
29019_020,97013.98,2399274.03,BRETAGNE,FINISTERE,29,BREST,29019,0,,3G,0,3G,4G,0,> 190 Mbps,190,6067,31.9315789473684
29019_026,92112,2397852,BRETAGNE,FINISTERE,29,BREST,29019,4G,,3G,4G,3G,4G,0,> 240 Mbps,240,7449,31.0375
29019_028,95791.27,2398713.77,BRETAGNE,FINISTERE,29,BREST,29019,4G,,3G,4G,3G,4G,0,> 240 Mbps,240,6109,25.4541666666667
29019_029,94083.04,2398358.42,BRETAGNE,FINISTERE,29,BREST,29019,4G,,3G,4G,3G,4G,0,> 240 Mbps,240,5127,21.3625
29019_030,98094.7,2398685.26,BRETAGNE,FINISTERE,29,BREST,29019,4G/5G,,3G,4G,3G,4G,5G,> 1 Gbps,1000,773,0.773
29019_031,95605.21,2401704.96,BRETAGNE,FINISTERE,29,BREST,29019,4G/5G,,3G,4G,3G,4G,0,> 450 Mbps,450,3437,7.63777777777778
29019_033,96054.32,2399241.44,BRETAGNE,FINISTERE,29,BREST,29019,4G/5G,,3G,4G,3G,4G,0,> 450 Mbps,450,2456,5.45777777777778
29019_034,97217.14,2400425.13,BRETAGNE,FINISTERE,29,BREST,29019,4G,,3G,4G,3G,4G,0,> 240 Mbps,240,3834,15.975
29019_036,92027.92,2399985.63,BRETAGNE,FINISTERE,29,BREST,29019,4G/5G,,3G,4G,3G,4G,0,> 450 Mbps,450,1419,3.15333333333333
29019_038,97534.44,2402071.21,BRETAGNE,FINISTERE,29,BREST,29019,4G/5G,,3G,4G,3G,4G,0,> 450 Mbps,450,1076,2.39111111111111
29020_001,126668.03,2363578.58,BRETAGNE,FINISTERE,29,BRIEC,29020,4G/5G,,3G,4G,3G,4G,0,> 450 Mbps,450,4046,8.99111111111111
29020_003,126002.01,2369677,BRETAGNE,FINISTERE,29,BRIEC,29020,4G/5G,,3G,4G,3G,4G,0,> 450 Mbps,450,469,1.04222222222222
29022_001,86850.01,2386220,BRETAGNE,FINISTERE,29,CAMARET SUR MER,29022,4G/5G,,3G,4G,3G,4G,0,> 450 Mbps,450,2783,6.18444444444445
29024_002,160690,2379348,BRETAGNE,FINISTERE,29,CARHAIX PLOUGUER,29024,4G/5G,,3G,4G,3G,4G,0,> 450 Mbps,450,6156,13.68
29026_001,125058.35,2376418.17,BRETAGNE,FINISTERE,29,CHATEAULIN,29026,4G/5G,,3G,4G,3G,4G,0,> 450 Mbps,450,2204,4.89777777777778
29027_001,143990.38,2371682.22,BRETAGNE,FINISTERE,29,CHATEAUNEUF DU FAOU,29027,4G/5G,,3G,4G,3G,4G,0,> 450 Mbps,450,2688,5.97333333333333
29027_002,142920,2373680,BRETAGNE,FINISTERE,29,CHATEAUNEUF DU FAOU,29027,4G/5G,,3G,4G,3G,4G,0,> 450 Mbps,450,1696,3.76888888888889
29030_001,125917.19,2427393.72,BRETAGNE,FINISTERE,29,CLEDER,29030,4G,,3G,4G,3G,4G,0,> 240 Mbps,240,2806,11.6916666666667
29031_001,155380,2328157,BRETAGNE,FINISTERE,29,MOELAN SUR MER,29150,4G/5G,,3G,4G,3G,4G,0,> 450 Mbps,450,5349,11.8866666666667
29035_001,93100,2409170,BRETAGNE,FINISTERE,29,COAT MEAL,29035,4G,,3G,4G,3G,4G,0,> 240 Mbps,240,511,2.12916666666667
29037_001,114154,2340419,BRETAGNE,FINISTERE,29,COMBRIT,29037,4G,,3G,4G,3G,4G,0,> 240 Mbps,240,4860,20.25
29037_002,116537,2339600,BRETAGNE,FINISTERE,29,COMBRIT,29037,4G/5G,,3G,4G,3G,4G,0,> 450 Mbps,450,1318,2.92888888888889
29039_001,132691.03,2338891.96,BRETAGNE,FINISTERE,29,CONCARNEAU,29039,4G,,3G,4G,3G,4G,0,> 240 Mbps,240,11285,47.0208333333333
29039_006,134770.98,2344303.91,BRETAGNE,FINISTERE,29,CONCARNEAU,29039,4G/5G,,3G,4G,3G,4G,0,> 450 Mbps,450,870,1.93333333333333
29039_008,132224,2343290,BRETAGNE,FINISTERE,29,CONCARNEAU,29039,4G,,3G,4G,3G,4G,0,> 240 Mbps,240,386,1.60833333333333
29039_010,133330,2341160,BRETAGNE,FINISTERE,29,CONCARNEAU,29039,4G,,3G,4G,3G,4G,0,> 240 Mbps,240,1565,6.52083333333333
29040_002,73147.35,2396675.07,BRETAGNE,FINISTERE,29,CONQUET,29040,4G/5G,,3G,4G,3G,4G,0,> 450 Mbps,450,2067,4.59333333333333
29041_001,141340,2358990,BRETAGNE,FINISTERE,29,CORAY,29041,4G,,3G,4G,3G,4G,0,> 240 Mbps,240,3441,14.3375
29042_004,93189,2382966,BRETAGNE,FINISTERE,29,CROZON,29042,4G/5G,,3G,4G,3G,4G,0,> 450 Mbps,450,5486,12.1911111111111
29042_008,91112.1,2380808.72,BRETAGNE,FINISTERE,29,CROZON,29042,4G/5G,,3G,4G,3G,4G,0,> 450 Mbps,450,1401,3.11333333333333
29044_002,120080.35,2375337.95,BRETAGNE,FINISTERE,29,DINEAULT,29044,4G/5G,,3G,4G,3G,4G,0,> 450 Mbps,450,3683,8.18444444444445
29046_001,102095.57,2363764.44,BRETAGNE,FINISTERE,29,DOUARNENEZ,29046,4G,,3G,4G,3G,4G,0,> 240 Mbps,240,13412,55.8833333333333
29049_001,136737.17,2350773.37,BRETAGNE,FINISTERE,29,ELLIANT,29049,4G/5G,,3G,4G,3G,4G,0,> 450 Mbps,450,2570,5.71111111111111
29051_003,126310,2353700,BRETAGNE,FINISTERE,29,ERGUE GABERIC,29051,4G,,3G,4G,3G,4G,0,> 240 Mbps,240,2781,11.5875
29051_004,124005,2353420,BRETAGNE,FINISTERE,29,ERGUE GABERIC,29051,4G/5G,,3G,4G,3G,4G,0,> 450 Mbps,450,2638,5.86222222222222
29056_002,107588.78,2402211.71,BRETAGNE,FINISTERE,29,FOREST LANDERNEAU,29056,4G/5G,,3G,4G,3G,4G,0,> 450 Mbps,450,2119,4.70888888888889
29057_002,130034,2342600,BRETAGNE,FINISTERE,29,FORET FOUESNANT,29057,4G/5G,,3G,4G,3G,4G,0,> 450 Mbps,450,2971,6.60222222222222
29058_002,125750,2337420,BRETAGNE,FINISTERE,29,FOUESNANT,29058,4G/5G,,3G,4G,3G,4G,0,> 450 Mbps,450,2864,6.36444444444444
29058_003,124790,2340427,BRETAGNE,FINISTERE,29,FOUESNANT,29058,4G/5G,,3G,4G,3G,4G,0,> 450 Mbps,450,5107,11.3488888888889
29060_001,120801,2344655.96,BRETAGNE,FINISTERE,29,GOUESNACH,29060,4G/5G,,3G,4G,3G,4G,0,> 450 Mbps,450,2081,4.62444444444444
29061_001,97698.02,2402969.98,BRETAGNE,FINISTERE,29,GOUESNOU,29061,4G/5G,,3G,4G,3G,4G,5G,> 1 Gbps,1000,1408,1.408
29061_002,96465.03,2406084.97,BRETAGNE,FINISTERE,29,GOUESNOU,29061,4G/5G,,3G,4G,3G,4G,5G,> 1 Gbps,1000,3335,3.335
29066_002,112650.01,2359050,BRETAGNE,FINISTERE,29,GUENGAT,29066,4G/5G,,3G,4G,3G,4G,0,> 450 Mbps,450,1311,2.91333333333333
29067_001,161833.83,2407618.34,BRETAGNE,FINISTERE,29,GUERLESQUIN,29067,4G,,3G,4G,3G,4G,0,> 240 Mbps,240,1211,5.04583333333333
29069_001,90434.96,2403306.67,BRETAGNE,FINISTERE,29,GUILERS,29069,4G,,3G,4G,3G,4G,0,> 240 Mbps,240,4373,18.2208333333333
29071_001,170662.45,2342645.72,BRETAGNE,FINISTERE,29,GUILLIGOMARC H,29071,4G/5G,,3G,4G,3G,4G,0,> 450 Mbps,450,923,2.05111111111111
29075_003,102863.04,2401596.05,BRETAGNE,FINISTERE,29,GUIPAVAS,29075,4G/5G,,3G,4G,3G,4G,0,> 450 Mbps,450,5580,12.4
29078_001,115847.01,2387723.98,BRETAGNE,FINISTERE,29,HANVEC,29078,4G/5G,,3G,4G,3G,4G,0,> 450 Mbps,450,1909,4.24222222222222
29080_001,113816.71,2390312.9,BRETAGNE,FINISTERE,29,HOPITAL CAMFROUT,29080,4G/5G,,3G,4G,3G,4G,0,> 450 Mbps,450,1465,3.25555555555556
29086_001,112607.96,2394218.98,BRETAGNE,FINISTERE,29,IRVILLAC,29086,4G/5G,,3G,4G,3G,4G,0,> 450 Mbps,450,2687,5.97111111111111
29091_001,106310.04,2427117.82,BRETAGNE,FINISTERE,29,KERLOUAN,29091,4G,,3G,4G,3G,4G,0,> 240 Mbps,240,3770,15.7083333333333
29097_002,127410,2407471,BRETAGNE,FINISTERE,29,LAMPAUL GUIMILIAU,29097,4G/5G,,3G,4G,3G,4G,0,> 450 Mbps,450,3203,7.11777777777778
29101_001,91115.92,2421145.31,BRETAGNE,FINISTERE,29,LANDEDA,29101,4G,,3G,4G,3G,4G,0,> 240 Mbps,240,3311,13.7958333333333
29102_002,151509.29,2377595.51,BRETAGNE,FINISTERE,29,LANDELEAU,29102,4G/5G,,3G,4G,3G,4G,0,> 450 Mbps,450,2167,4.81555555555556
29103_001,112375.97,2404964.03,BRETAGNE,FINISTERE,29,LANDERNEAU,29103,4G,,3G,4G,3G,4G,0,> 240 Mbps,240,7491,31.2125
29103_002,114193,2403138,BRETAGNE,FINISTERE,29,LANDERNEAU,29103,4G,,3G,4G,3G,4G,0,> 240 Mbps,240,4434,18.475
29105_001,128379.29,2410059.97,BRETAGNE,FINISTERE,29,LANDIVISIAU,29105,4G/5G,,3G,4G,3G,4G,0,> 450 Mbps,450,2535,5.63333333333333
29105_003,126420,2409995,BRETAGNE,FINISTERE,29,LANDIVISIAU,29105,4G/5G,,3G,4G,3G,4G,0,> 450 Mbps,450,2572,5.71555555555556
29113_001,153725.08,2421856.48,BRETAGNE,FINISTERE,29,LANMEUR,29113,4G/5G,,3G,4G,3G,4G,0,> 450 Mbps,450,5170,11.4888888888889
29117_001,95423.15,2418950.08,BRETAGNE,FINISTERE,29,LANNILIS,29117,4G/5G,,3G,4G,3G,4G,0,> 450 Mbps,450,3380,7.51111111111111
29124_003,108780,2418648,BRETAGNE,FINISTERE,29,LESNEVEN,29124,4G,,3G,4G,3G,4G,0,> 240 Mbps,240,7641,31.8375
29130_001,83410,2396440,BRETAGNE,FINISTERE,29,LOCMARIA PLOUZANE,29130,4G,,3G,4G,3G,4G,0,> 240 Mbps,240,3878,16.1583333333333
29135_001,113209,2334294.96,BRETAGNE,FINISTERE,29,LOCTUDY,29135,4G/5G,,3G,4G,3G,4G,0,> 450 Mbps,450,3490,7.75555555555556
29137_001,109280,2390750,BRETAGNE,FINISTERE,29,LOGONNA DAOULAS,29137,4G,,3G,4G,3G,4G,0,> 240 Mbps,240,2010,8.375
29140_002,108220,2397780,BRETAGNE,FINISTERE,29,LOPERHET,29140,4G/5G,,3G,4G,3G,4G,0,> 450 Mbps,450,2098,4.66222222222222
29146_002,141651.03,2339392.46,BRETAGNE,FINISTERE,29,MELGVEN,29146,4G/5G,,3G,4G,3G,4G,0,> 450 Mbps,450,729,1.62
29146_004,137725,2340925,BRETAGNE,FINISTERE,29,MELGVEN,29146,4G,,3G,4G,3G,4G,0,> 240 Mbps,240,1241,5.17083333333333
29149_003,90614.12,2407975.13,BRETAGNE,FINISTERE,29,MILIZAC GUIPRONVEL,29076,4G/5G,,3G,4G,3G,4G,0,> 450 Mbps,450,1476,3.28
29150_001,150037.3,2328745.38,BRETAGNE,FINISTERE,29,MOELAN SUR MER,29150,4G/5G,,3G,4G,3G,4G,0,> 450 Mbps,450,3791,8.42444444444445
29151_001,145542.77,2415692.18,BRETAGNE,FINISTERE,29,MORLAIX,29151,4G/5G,,3G,4G,3G,4G,0,> 450 Mbps,450,7458,16.5733333333333
29151_004,146430,2416880,BRETAGNE,FINISTERE,29,MORLAIX,29151,4G,,3G,4G,3G,4G,0,> 240 Mbps,240,1374,5.725
29153_001,141320,2331700,BRETAGNE,FINISTERE,29,NEVEZ,29153,4G/5G,,3G,4G,3G,4G,0,> 450 Mbps,450,2096,4.65777777777778
29158_009,102940,2334040,BRETAGNE,FINISTERE,29,PENMARCH,29158,4G,,3G,4G,3G,4G,0,> 240 Mbps,240,5205,21.6875
29160_004,100971.02,2410963,BRETAGNE,FINISTERE,29,PLABENNEC,29160,4G/5G,,3G,4G,3G,4G,0,> 450 Mbps,450,4602,10.2266666666667
29161_001,122460.12,2343003.86,BRETAGNE,FINISTERE,29,PLEUVEN,29161,4G,,3G,4G,3G,4G,0,> 240 Mbps,240,2350,9.79166666666667
29162_001,132879,2377335,BRETAGNE,FINISTERE,29,PLEYBEN,29162,4G/5G,,3G,4G,3G,4G,0,> 450 Mbps,450,2760,6.13333333333333
29163_001,141092.26,2408324.55,BRETAGNE,FINISTERE,29,PLEYBER CHRIST,29163,4G/5G,,3G,4G,3G,4G,0,> 450 Mbps,450,1822,4.04888888888889
29165_001,108970,2332225,BRETAGNE,FINISTERE,29,PLOBANNALEC LESCONIL,29165,4G,,3G,4G,3G,4G,0,> 240 Mbps,240,3512,14.6333333333333
29167_001,104330,2350160,BRETAGNE,FINISTERE,29,PLOGASTEL SAINT GERMAIN,29167,4G,,3G,4G,3G,4G,0,> 240 Mbps,240,661,2.75416666666667
29167_003,106851.11,2352949.79,BRETAGNE,FINISTERE,29,PLOGASTEL SAINT GERMAIN,29167,4G/5G,,3G,4G,3G,4G,0,> 450 Mbps,450,1081,2.40222222222222
29168_001,78770,2360350,BRETAGNE,FINISTERE,29,PLOGOFF,29168,4G,,3G,4G,3G,4G,0,> 240 Mbps,240,2507,10.4458333333333
29169_001,114236.06,2363639.53,BRETAGNE,FINISTERE,29,PLOGONNEC,29169,4G/5G,,3G,4G,3G,4G,0,> 450 Mbps,450,1215,2.7
29170_001,116505,2349660,BRETAGNE,FINISTERE,29,PLOMELIN,29170,4G,,3G,4G,3G,4G,0,> 240 Mbps,240,1565,6.52083333333333
29173_001,110645.04,2356221.66,BRETAGNE,FINISTERE,29,PLONEIS,29173,4G/5G,,3G,4G,3G,4G,0,> 450 Mbps,450,1706,3.79111111111111
29174_002,104975,2345120,BRETAGNE,FINISTERE,29,PLONEOUR LANVERN,29174,4G/5G,,3G,4G,3G,4G,0,> 450 Mbps,450,2045,4.54444444444444
29174_003,106649,2342857,BRETAGNE,FINISTERE,29,PLONEOUR LANVERN,29174,4G/5G,,3G,4G,3G,4G,0,> 450 Mbps,450,5230,11.6222222222222
29175_001,143157,2378751,BRETAGNE,FINISTERE,29,PLONEVEZ DU FAOU,29175,4G/5G,,3G,4G,3G,4G,0,> 450 Mbps,450,1833,4.07333333333333
29176_002,112544,2368204,BRETAGNE,FINISTERE,29,PLONEVEZ PORZAY,29176,4G/5G,,3G,4G,3G,4G,0,> 450 Mbps,450,3763,8.36222222222222
29177_001,77360.26,2407028.55,BRETAGNE,FINISTERE,29,PLOUARZEL,29177,4G/5G,,3G,4G,3G,4G,0,> 450 Mbps,450,3734,8.29777777777778
29178_001,83702.12,2415200.66,BRETAGNE,FINISTERE,29,PLOUDALMEZEAU,29178,4G,,3G,4G,3G,4G,0,> 240 Mbps,240,2866,11.9416666666667
29178_002,81594.19,2418306.24,BRETAGNE,FINISTERE,29,PLOUDALMEZEAU,29178,4G,,3G,4G,3G,4G,0,> 240 Mbps,240,3136,13.0666666666667
29179_001,110093,2413488,BRETAGNE,FINISTERE,29,PLOUDANIEL,29179,4G,,3G,4G,3G,4G,0,> 240 Mbps,240,1655,6.89583333333333
29179_002,105963,2414110,BRETAGNE,FINISTERE,29,PLOUDANIEL,29179,4G,,3G,4G,3G,4G,0,> 240 Mbps,240,1920,8
29181_001,112786.02,2407630.01,BRETAGNE,FINISTERE,29,PLOUEDERN,29181,0,,3G,0,3G,0,0,> 14 Mbps,14,3421,244.357142857143
29183_001,161724.61,2412132.55,BRETAGNE,FINISTERE,29,PLOUEGAT MOYSAN,29183,4G,,3G,4G,3G,4G,0,> 240 Mbps,240,805,3.35416666666667
29184_001,133913.04,2422622.05,BRETAGNE,FINISTERE,29,PLOUENAN,29184,4G/5G,,3G,4G,3G,4G,0,> 450 Mbps,450,3150,7
29185_001,119814.18,2426950.52,BRETAGNE,FINISTERE,29,PLOUESCAT,29185,4G/5G,,3G,4G,3G,4G,0,> 450 Mbps,450,2634,5.85333333333333
29189_004,99230.72,2394614.45,BRETAGNE,FINISTERE,29,PLOUGASTEL DAOULAS,29189,4G/5G,,3G,4G,3G,4G,0,> 450 Mbps,450,2012,4.47111111111111
29189_005,104483,2395767,BRETAGNE,FINISTERE,29,PLOUGASTEL DAOULAS,29189,4G,,3G,4G,3G,4G,0,> 240 Mbps,240,4091,17.0458333333333
29189_007,103065.4,2397203.1,BRETAGNE,FINISTERE,29,PLOUGASTEL DAOULAS,29189,4G/5G,,3G,4G,3G,4G,5G,> 1 Gbps,1000,2854,2.854
29190_001,77347.85,2395892.37,BRETAGNE,FINISTERE,29,PLOUGONVELIN,29190,4G/5G,,3G,4G,3G,4G,0,> 450 Mbps,450,3563,7.91777777777778
29191_001,152890.51,2409165.18,BRETAGNE,FINISTERE,29,PLOUGONVEN,29191,4G/5G,,3G,4G,3G,4G,0,> 450 Mbps,450,2406,5.34666666666667
29195_002,96590.01,2422780,BRETAGNE,FINISTERE,29,PLOUGUERNEAU,29195,4G,,3G,4G,3G,4G,0,> 240 Mbps,240,3302,13.7583333333333
29196_001,87669.66,2414454.76,BRETAGNE,FINISTERE,29,PLOUGUIN,29196,4G,,3G,4G,3G,4G,0,> 240 Mbps,240,1599,6.6625
29197_002,88933.25,2357956.88,BRETAGNE,FINISTERE,29,PLOUHINEC,29197,0,,3G,4G,3G,4G,0,> 240 Mbps,240,6329,26.3708333333333
29197_003,92153.3,2359101.46,BRETAGNE,FINISTERE,29,PLOUHINEC,29197,4G/5G,,3G,4G,3G,4G,0,> 450 Mbps,450,2804,6.23111111111111
29198_001,111600,2421100,BRETAGNE,FINISTERE,29,PLOUIDER,29198,4G,,3G,4G,3G,4G,0,> 240 Mbps,240,1746,7.275
29199_002,156715.63,2414141.89,BRETAGNE,FINISTERE,29,PLOUIGNEAU,29199,4G/5G,,3G,4G,3G,4G,0,> 450 Mbps,450,1403,3.11777777777778
29199_003,149840,2415418,BRETAGNE,FINISTERE,29,PLOUIGNEAU,29199,4G/5G,,3G,4G,3G,4G,0,> 450 Mbps,450,1876,4.16888888888889
29201_001,78402,2402154,BRETAGNE,FINISTERE,29,PLOUMOGUER,29201,4G,,3G,4G,3G,4G,0,> 240 Mbps,240,1387,5.77916666666667
29202_001,139460.84,2397637.1,BRETAGNE,FINISTERE,29,PLOUNEOUR MENEZ,29202,4G/5G,,3G,4G,3G,4G,0,> 450 Mbps,450,2029,4.50888888888889
29206_001,117033,2422554,BRETAGNE,FINISTERE,29,PLOUNEVEZ LOCHRIST,29206,4G,,3G,4G,3G,4G,0,> 240 Mbps,240,2214,9.225
29207_002,145773.37,2413659.51,BRETAGNE,FINISTERE,29,PLOURIN LES MORLAIX,29207,4G/5G,,3G,4G,3G,4G,0,> 450 Mbps,450,2164,4.80888888888889
29207_005,148355.68,2410422.06,BRETAGNE,FINISTERE,29,PLOURIN LES MORLAIX,29207,4G/5G,,3G,4G,3G,4G,0,> 450 Mbps,450,1765,3.92222222222222
29209_001,97989.62,2414199.38,BRETAGNE,FINISTERE,29,PLOUVIEN,29209,4G/5G,,3G,4G,3G,4G,0,> 450 Mbps,450,2181,4.84666666666667
29210_001,129136,2416819.01,BRETAGNE,FINISTERE,29,PLOUVORN,29210,4G/5G,,3G,4G,3G,4G,0,> 450 Mbps,450,2869,6.37555555555556
29211_001,149195,2389611,BRETAGNE,FINISTERE,29,PLOUYE,29211,4G,,3G,4G,3G,4G,0,> 240 Mbps,240,2000,8.33333333333333
29212_004,86615,2399335,BRETAGNE,FINISTERE,29,PLOUZANE,29212,4G/5G,,3G,4G,3G,4G,0,> 450 Mbps,450,2541,5.64666666666667
29212_005,88493,2397945,BRETAGNE,FINISTERE,29,PLOUZANE,29212,4G/5G,,3G,4G,3G,4G,0,> 450 Mbps,450,3713,8.25111111111111
29213_001,124325.66,2419789.01,BRETAGNE,FINISTERE,29,PLOUZEVEDE,29213,4G,,3G,4G,3G,4G,0,> 240 Mbps,240,2969,12.3708333333333
29215_001,95200,2353980,BRETAGNE,FINISTERE,29,PLOZEVET,29215,4G,,3G,4G,3G,4G,0,> 240 Mbps,240,2489,10.3708333333333
29215_002,102669.56,2354376.44,BRETAGNE,FINISTERE,29,LANDUDEC,29108,4G,,3G,4G,3G,4G,0,> 240 Mbps,240,1624,6.76666666666667
29216_003,113100,2351870,BRETAGNE,FINISTERE,29,PLUGUFFAN,29216,4G/5G,,3G,4G,3G,4G,0,> 450 Mbps,450,1710,3.8
29216_004,113438.46,2347557.59,BRETAGNE,FINISTERE,29,PLUGUFFAN,29216,4G/5G,,3G,4G,3G,4G,0,> 450 Mbps,450,2074,4.60888888888889
29217_001,145233.05,2335334.76,BRETAGNE,FINISTERE,29,PONT AVEN,29217,4G/5G,,3G,4G,3G,4G,0,> 450 Mbps,450,3492,7.76
29221_001,77686,2411155,BRETAGNE,FINISTERE,29,PORSPODER,29221,4G/5G,,3G,4G,3G,4G,0,> 450 Mbps,450,1794,3.98666666666667
29221_003,76725.18,2413010.96,BRETAGNE,FINISTERE,29,PORSPODER,29221,4G/5G,,3G,4G,3G,4G,0,> 450 Mbps,450,2064,4.58666666666667
29225_001,100516.05,2351223.74,BRETAGNE,FINISTERE,29,POULDREUZIC,29225,4G/5G,,3G,4G,3G,4G,0,> 450 Mbps,450,1861,4.13555555555556
29227_001,157516.07,2387959.47,BRETAGNE,FINISTERE,29,POULLAOUEN,29227,4G/5G,,3G,4G,3G,4G,0,> 450 Mbps,450,1901,4.22444444444444
29229_001,118500,2366505,BRETAGNE,FINISTERE,29,QUEMENEVEN,29229,4G,,3G,4G,3G,4G,0,> 240 Mbps,240,1560,6.5
29230_002,162109.59,2345463.97,BRETAGNE,FINISTERE,29,QUERRIEN,29230,4G/5G,,3G,4G,3G,4G,0,> 450 Mbps,450,1352,3.00444444444444
29232_003,121333.51,2355014.15,BRETAGNE,FINISTERE,29,QUIMPER,29232,4G/5G,,3G,4G,3G,4G,0,> 450 Mbps,450,2799,6.22
29232_011,121646.82,2350153.8,BRETAGNE,FINISTERE,29,QUIMPER,29232,0,,3G,0,3G,0,0,> 14 Mbps,14,2651,189.357142857143
29232_014,118109,2351672,BRETAGNE,FINISTERE,29,QUIMPER,29232,4G/5G,,3G,4G,3G,4G,0,> 450 Mbps,450,11182,24.8488888888889
29232_016,120667,2351680,BRETAGNE,FINISTERE,29,QUIMPER,29232,4G/5G,,3G,4G,3G,4G,0,> 450 Mbps,450,7991,17.7577777777778
29232_026,122835.39,2357321.07,BRETAGNE,FINISTERE,29,QUIMPER,29232,4G/5G,,3G,4G,3G,4G,0,> 450 Mbps,450,1000,2.22222222222222
29232_028,121718,2352651,BRETAGNE,FINISTERE,29,QUIMPER,29232,4G,,3G,4G,3G,4G,0,> 240 Mbps,240,4186,17.4416666666667
29232_033,117645,2352890,BRETAGNE,FINISTERE,29,QUIMPER,29232,4G,,3G,4G,3G,4G,0,> 240 Mbps,240,8040,33.5
29232_039,125105.19,2350732.37,BRETAGNE,FINISTERE,29,QUIMPER,29232,4G/5G,,3G,4G,3G,4G,0,> 450 Mbps,450,1824,4.05333333333333
29232_048,117973.11,2356325.51,BRETAGNE,FINISTERE,29,QUIMPER,29232,4G/5G,,3G,4G,3G,4G,0,> 450 Mbps,450,3530,7.84444444444444
29233_001,159858.06,2334682.66,BRETAGNE,FINISTERE,29,QUIMPERLE,29233,4G/5G,,3G,4G,3G,4G,0,> 450 Mbps,450,2681,5.95777777777778
29233_002,160299.01,2335270,BRETAGNE,FINISTERE,29,QUIMPERLE,29233,4G/5G,,3G,4G,3G,4G,0,> 450 Mbps,450,4774,10.6088888888889
29234_001,165674.99,2334382.97,BRETAGNE,FINISTERE,29,REDENE,29234,4G/5G,,3G,4G,3G,4G,0,> 450 Mbps,450,935,2.07777777777778
29234_003,163267.94,2332149.19,BRETAGNE,FINISTERE,29,REDENE,29234,4G/5G,,3G,4G,3G,4G,0,> 450 Mbps,450,954,2.12
29236_002,153277.17,2336667.95,BRETAGNE,FINISTERE,29,RIEC SUR BELON,29236,4G,,3G,4G,3G,4G,0,> 240 Mbps,240,2571,10.7125
29239_001,136206.06,2432291.71,BRETAGNE,FINISTERE,29,ROSCOFF,29239,4G/5G,,3G,4G,3G,4G,0,> 450 Mbps,450,3230,7.17777777777778
29241_002,143960,2346970,BRETAGNE,FINISTERE,29,ROSPORDEN,29241,4G,,3G,4G,3G,4G,0,> 240 Mbps,240,3511,14.6291666666667
29247_001,127550,2349320,BRETAGNE,FINISTERE,29,SAINT EVARZEC,29247,4G,,3G,4G,3G,4G,0,> 240 Mbps,240,555,2.3125
29247_004,125543.92,2346133.09,BRETAGNE,FINISTERE,29,SAINT EVARZEC,29247,4G/5G,,3G,4G,3G,4G,0,> 450 Mbps,450,1923,4.27333333333333
29252_001,104819.24,2337911.32,BRETAGNE,FINISTERE,29,PLOMEUR,29171,4G/5G,,3G,4G,3G,4G,0,> 450 Mbps,450,2515,5.58888888888889
29254_001,143670,2413840,BRETAGNE,FINISTERE,29,SAINT MARTIN DES CHAMPS,29254,4G/5G,,3G,4G,3G,4G,0,> 450 Mbps,450,1874,4.16444444444444
29254_003,143390.99,2416229.25,BRETAGNE,FINISTERE,29,SAINT MARTIN DES CHAMPS,29254,4G/5G,,3G,4G,3G,4G,0,> 450 Mbps,450,4010,8.91111111111111
29257_001,87864.62,2418514.77,BRETAGNE,FINISTERE,29,SAINT PABU,29257,4G,,3G,4G,3G,4G,0,> 240 Mbps,240,2200,9.16666666666667
29259_003,134947.01,2426513,BRETAGNE,FINISTERE,29,SAINT POL DE LEON,29259,4G,,3G,4G,3G,4G,0,> 240 Mbps,240,5836,24.3166666666667
29259_004,133398,2429200,BRETAGNE,FINISTERE,29,SAINT POL DE LEON,29259,4G/5G,,3G,4G,3G,4G,0,> 450 Mbps,450,3297,7.32666666666667
29260_002,86462.73,2405438.28,BRETAGNE,FINISTERE,29,MILIZAC GUIPRONVEL,29076,4G/5G,,3G,4G,3G,4G,0,> 450 Mbps,450,5189,11.5311111111111
29266_001,136946,2410363,BRETAGNE,FINISTERE,29,SAINT THEGONNEC LOC EGUINER,29266,4G,,3G,4G,3G,4G,0,> 240 Mbps,240,2415,10.0625
29267_002,135408.98,2366719.42,BRETAGNE,FINISTERE,29,SAINT THOIS,29267,4G/5G,,3G,4G,3G,4G,0,> 450 Mbps,450,1205,2.67777777777778
29268_001,107437.98,2406563.29,BRETAGNE,FINISTERE,29,SAINT THONAN,29268,4G/5G,,3G,4G,3G,4G,0,> 450 Mbps,450,2234,4.96444444444444
29272_001,131309.01,2347970,BRETAGNE,FINISTERE,29,SAINT YVI,29272,4G,,3G,4G,3G,4G,0,> 240 Mbps,240,1425,5.9375
29274_001,150112.05,2351067.15,BRETAGNE,FINISTERE,29,SCAER,29274,4G/5G,,3G,4G,3G,4G,0,> 450 Mbps,450,2855,6.34444444444444
29277_001,124982.03,2397246.98,BRETAGNE,FINISTERE,29,SIZUN,29277,4G,,3G,4G,3G,4G,0,> 240 Mbps,240,1441,6.00416666666667
29277_003,130034.63,2403527.01,BRETAGNE,FINISTERE,29,LAMPAUL GUIMILIAU,29097,4G/5G,,3G,4G,3G,4G,0,> 450 Mbps,450,1688,3.75111111111111
29277_004,126740.04,2399929.9,BRETAGNE,FINISTERE,29,SIZUN,29277,4G/5G,,3G,4G,3G,4G,0,> 450 Mbps,450,1139,2.53111111111111
29279_002,140620,2419918,BRETAGNE,FINISTERE,29,TAULE,29279,4G/5G,,3G,4G,3G,4G,0,> 450 Mbps,450,3600,8
29280_001,103975,2379840,BRETAGNE,FINISTERE,29,TELGRUC SUR MER,29280,0,,3G,4G,3G,4G,0,> 240 Mbps,240,3411,14.2125
29284_001,105656.97,2332633.96,BRETAGNE,FINISTERE,29,TREFFIAGAT,29284,4G/5G,,3G,4G,3G,4G,0,> 450 Mbps,450,4869,10.82
29293_002,139038,2335598,BRETAGNE,FINISTERE,29,TREGUNC,29293,4G,,3G,4G,3G,4G,0,> 240 Mbps,240,868,3.61666666666667
29293_003,137680,2329800,BRETAGNE,FINISTERE,29,TREGUNC,29293,4G/5G,,3G,4G,3G,4G,0,> 450 Mbps,450,1258,2.79555555555556
29293_004,136142.37,2335977.77,BRETAGNE,FINISTERE,29,TREGUNC,29293,4G/5G,,3G,4G,3G,4G,5G,> 1 Gbps,1000,4733,4.733
29297_001,162546,2338266,BRETAGNE,FINISTERE,29,TREMEVEN,29297,4G/5G,,3G,4G,3G,4G,0,> 450 Mbps,450,3398,7.55111111111111
29302_001,123952.24,2381375.1,BRETAGNE,FINISTERE,29,PONT DE BUIS LES QUIMERCH,29302,4G/5G,,3G,4G,3G,4G,0,> 450 Mbps,450,2376,5.28
29302_002,118879.32,2383869.31,BRETAGNE,FINISTERE,29,PONT DE BUIS LES QUIMERCH,29302,4G/5G,,3G,4G,3G,4G,0,> 450 Mbps,450,1674,3.72
29302_003,121721,2381434,BRETAGNE,FINISTERE,29,PONT DE BUIS LES QUIMERCH,29302,4G/5G,,3G,4G,3G,4G,0,> 450 Mbps,450,509,1.13111111111111
35001_002,313290,2355790,BRETAGNE,ILLE ET VILAINE,35,ACIGNE,35001,4G,,3G,4G,3G,4G,0,> 240 Mbps,240,2926,12.1916666666667
35001_003,310250,2355090,BRETAGNE,ILLE ET VILAINE,35,ACIGNE,35001,4G/5G,,3G,4G,3G,4G,0,> 450 Mbps,450,1676,3.72444444444444
35004_001,317551,2391007,BRETAGNE,ILLE ET VILAINE,35,VAL COUESNON,35004,4G/5G,,3G,4G,3G,4G,0,> 450 Mbps,450,2920,6.48888888888889
35006_001,338861,2345293,BRETAGNE,ILLE ET VILAINE,35,ARGENTRE DU PLESSIS,35006,4G/5G,,3G,4G,3G,4G,0,> 450 Mbps,450,2368,5.26222222222222
35012_003,301624,2318433,BRETAGNE,ILLE ET VILAINE,35,BAIN DE BRETAGNE,35012,4G/5G,,3G,4G,3G,4G,0,> 450 Mbps,450,2099,4.66444444444444
35012_004,296420,2324950,BRETAGNE,ILLE ET VILAINE,35,BAIN DE BRETAGNE,35012,4G/5G,,3G,4G,3G,4G,0,> 450 Mbps,450,1000,2.22222222222222
35012_005,300686,2323304,BRETAGNE,ILLE ET VILAINE,35,BAIN DE BRETAGNE,35012,4G,,3G,4G,3G,4G,0,> 240 Mbps,240,3874,16.1416666666667
35013_001,270163,2309726,BRETAGNE,ILLE ET VILAINE,35,BAINS SUR OUST,35013,4G,,3G,4G,3G,4G,0,> 240 Mbps,240,2807,11.6958333333333
35014_001,328524,2340810,BRETAGNE,ILLE ET VILAINE,35,BAIS,35014,4G/5G,,3G,4G,3G,4G,0,> 450 Mbps,450,1478,3.28444444444444
35015_002,337260,2359380,BRETAGNE,ILLE ET VILAINE,35,BALAZE,35015,4G,,3G,4G,3G,4G,0,> 240 Mbps,240,1923,8.0125
35016_002,280000,2341656,BRETAGNE,ILLE ET VILAINE,35,BAULON,35016,4G/5G,,3G,4G,3G,4G,0,> 450 Mbps,450,808,1.79555555555556
35023_001,282050,2362425,BRETAGNE,ILLE ET VILAINE,35,BEDEE,35023,4G,,3G,4G,3G,4G,0,> 240 Mbps,240,3713,15.4708333333333
35029_001,296775,2392790,BRETAGNE,ILLE ET VILAINE,35,BONNEMAIN,35029,4G,,3G,4G,3G,4G,0,> 240 Mbps,240,866,3.60833333333333
35031_001,319760,2359950,BRETAGNE,ILLE ET VILAINE,35,BOUEXIERE,35031,4G,,3G,4G,3G,4G,0,> 240 Mbps,240,2608,10.8666666666667
35032_001,302642,2339721,BRETAGNE,ILLE ET VILAINE,35,BOURGBARRE,35032,4G/5G,,3G,4G,3G,4G,0,> 450 Mbps,450,2968,6.59555555555556
35037_002,286680,2346570,BRETAGNE,ILLE ET VILAINE,35,BREAL SOUS MONTFORT,35037,4G/5G,,3G,4G,3G,4G,0,> 450 Mbps,450,2835,6.3
35038_001,347823,2348353,BRETAGNE,ILLE ET VILAINE,35,BREAL SOUS VITRE,35038,4G,,3G,4G,3G,4G,0,> 240 Mbps,240,6617,27.5708333333333
35040_001,285332,2358382,BRETAGNE,ILLE ET VILAINE,35,BRETEIL,35040,4G/5G,,3G,4G,3G,4G,0,> 450 Mbps,450,2372,5.27111111111111
35042_001,343595,2340772,BRETAGNE,ILLE ET VILAINE,35,BRIELLES,35042,4G,,3G,4G,3G,0,0,> 240 Mbps,240,527,2.19583333333333
35047_001,297078,2345620,BRETAGNE,ILLE ET VILAINE,35,BRUZ,35047,4G/5G,,3G,4G,3G,4G,0,> 450 Mbps,450,5884,13.0755555555556
35047_004,296872,2347379,BRETAGNE,ILLE ET VILAINE,35,BRUZ,35047,4G,,3G,4G,3G,4G,0,> 240 Mbps,240,1225,5.10416666666667
35049_001,290812,2418215,BRETAGNE,ILLE ET VILAINE,35,CANCALE,35049,4G/5G,,3G,4G,3G,4G,0,> 450 Mbps,450,4462,9.91555555555556
35051_001,307849,2354639,BRETAGNE,ILLE ET VILAINE,35,CESSON SEVIGNE,35051,0,,3G,4G,3G,4G,0,> 240 Mbps,240,2104,8.76666666666667
35051_002,305002,2354719,BRETAGNE,ILLE ET VILAINE,35,CESSON SEVIGNE,35051,4G/5G,,3G,4G,3G,4G,0,> 450 Mbps,450,4879,10.8422222222222
35051_003,308169,2351474,BRETAGNE,ILLE ET VILAINE,35,CESSON SEVIGNE,35051,4G/5G,,3G,4G,3G,4G,0,> 450 Mbps,450,1256,2.79111111111111
35051_004,305541,2352335,BRETAGNE,ILLE ET VILAINE,35,CESSON SEVIGNE,35051,4G,,3G,4G,3G,4G,0,> 240 Mbps,240,2433,10.1375
35051_009,306619,2353810,BRETAGNE,ILLE ET VILAINE,35,CESSON SEVIGNE,35051,4G/5G,,3G,4G,3G,4G,5G,> 1 Gbps,1000,2585,2.585
35051_011,307794,2353355,BRETAGNE,ILLE ET VILAINE,35,CESSON SEVIGNE,35051,4G/5G,,3G,4G,3G,4G,5G,> 1 Gbps,1000,287,0.287
35055_001,305408,2351638,BRETAGNE,ILLE ET VILAINE,35,CHANTEPIE,35055,4G/5G,,3G,4G,3G,4G,5G,> 1 Gbps,1000,2275,2.275
35055_002,304520,2349560,BRETAGNE,ILLE ET VILAINE,35,CHANTEPIE,35055,4G,,3G,4G,3G,4G,0,> 240 Mbps,240,1517,6.32083333333333
35062_001,347843,2378913,BRETAGNE,ILLE ET VILAINE,35,CHAPELLE JANSON,35062,4G/5G,,3G,4G,3G,4G,0,> 450 Mbps,450,2955,6.56666666666667
35066_002,298699,2344172,BRETAGNE,ILLE ET VILAINE,35,CHARTRES DE BRETAGNE,35066,4G/5G,,3G,4G,3G,4G,5G,> 1 Gbps,1000,4228,4.228
35067_001,309438,2366537,BRETAGNE,ILLE ET VILAINE,35,CHASNE SUR ILLET,35067,4G/5G,,3G,4G,3G,4G,0,> 450 Mbps,450,2727,6.06
35068_002,321560,2351350,BRETAGNE,ILLE ET VILAINE,35,CHATEAUBOURG,35068,4G,,3G,4G,3G,4G,0,> 240 Mbps,240,3666,15.275
35069_001,313972,2344653,BRETAGNE,ILLE ET VILAINE,35,CHATEAUGIRON,35069,4G,,3G,4G,3G,4G,0,> 240 Mbps,240,3708,15.45
35071_001,335478,2387601,BRETAGNE,ILLE ET VILAINE,35,CHATELLIER,35071,4G/5G,,3G,4G,3G,4G,0,> 450 Mbps,450,914,2.03111111111111
35072_001,340010,2362330,BRETAGNE,ILLE ET VILAINE,35,CHATILLON EN VENDELAIS,35072,4G,,3G,4G,3G,4G,0,> 240 Mbps,240,1873,7.80416666666667
35072_003,342891,2364694,BRETAGNE,ILLE ET VILAINE,35,CHATILLON EN VENDELAIS,35072,4G/5G,,3G,4G,3G,4G,0,> 450 Mbps,450,2755,6.12222222222222
35076_001,293450,2347955,BRETAGNE,ILLE ET VILAINE,35,CHAVAGNE,35076,4G,,3G,4G,3G,4G,0,> 240 Mbps,240,2462,10.2583333333333
35080_001,286720,2354200,BRETAGNE,ILLE ET VILAINE,35,CINTRE,35080,4G,,3G,4G,3G,4G,0,> 240 Mbps,240,2619,10.9125
35085_003,296774,2389209,BRETAGNE,ILLE ET VILAINE,35,COMBOURG,35085,4G,,3G,4G,3G,4G,0,> 240 Mbps,240,4436,18.4833333333333
35087_001,326900,2349475,BRETAGNE,ILLE ET VILAINE,35,CORNILLE,35087,4G,,3G,4G,3G,4G,0,> 240 Mbps,240,417,1.7375
35088_001,306856,2339293,BRETAGNE,ILLE ET VILAINE,35,CORPS NUDS,35088,4G,,3G,4G,3G,4G,0,> 240 Mbps,240,5363,22.3458333333333
35090_001,301419,2334464,BRETAGNE,ILLE ET VILAINE,35,CREVIN,35090,4G/5G,,3G,4G,3G,4G,0,> 450 Mbps,450,2779,6.17555555555556
35093_002,276225,2410991,BRETAGNE,ILLE ET VILAINE,35,DINARD,35093,4G/5G,,3G,4G,3G,4G,0,> 450 Mbps,450,3740,8.31111111111111
35093_005,275890,2413409,BRETAGNE,ILLE ET VILAINE,35,DINARD,35093,0,,3G,4G,3G,4G,0,> 240 Mbps,240,4195,17.4791666666667
35093_006,275682,2412131,BRETAGNE,ILLE ET VILAINE,35,DINARD,35093,4G,,3G,4G,3G,4G,0,> 240 Mbps,240,2756,11.4833333333333
35093_008,275079,2412546,BRETAGNE,ILLE ET VILAINE,35,DINARD,35093,4G,,3G,4G,3G,4G,0,> 240 Mbps,240,2339,9.74583333333333
35095_002,298485,2401578,BRETAGNE,ILLE ET VILAINE,35,DOL DE BRETAGNE,35095,4G,,3G,4G,3G,4G,0,> 240 Mbps,240,6616,27.5666666666667
35096_002,322469,2346294,BRETAGNE,ILLE ET VILAINE,35,DOMAGNE,35096,4G,,3G,4G,3G,0,0,> 240 Mbps,240,650,2.70833333333333
35096_003,320175,2347191,BRETAGNE,ILLE ET VILAINE,35,DOMAGNE,35096,4G,,3G,4G,3G,0,0,> 240 Mbps,240,98,0.408333333333333
35096_004,322226,2348810,BRETAGNE,ILLE ET VILAINE,35,DOMAGNE,35096,4G/5G,,3G,4G,3G,4G,0,> 450 Mbps,450,869,1.93111111111111
35097_001,336249,2341143,BRETAGNE,ILLE ET VILAINE,35,DOMALAIN,35097,4G,,3G,4G,3G,4G,0,> 240 Mbps,240,712,2.96666666666667
35097_003,331325,2338530,BRETAGNE,ILLE ET VILAINE,35,DOMALAIN,35097,4G/5G,,3G,4G,3G,4G,0,> 450 Mbps,450,1562,3.47111111111111
35099_003,311125,2347125,BRETAGNE,ILLE ET VILAINE,35,DOMLOUP,35099,4G,,3G,4G,3G,4G,0,> 240 Mbps,240,2854,11.8916666666667
35108_002,318200,2335794,BRETAGNE,ILLE ET VILAINE,35,ESSE,35108,4G/5G,,3G,4G,3G,4G,0,> 450 Mbps,450,1155,2.56666666666667
35109_001,336350,2347580,BRETAGNE,ILLE ET VILAINE,35,ETRELLES,35109,4G,,3G,4G,3G,4G,0,> 240 Mbps,240,533,2.22083333333333
35109_002,336256,2344977,BRETAGNE,ILLE ET VILAINE,35,ETRELLES,35109,4G,,3G,4G,3G,0,0,> 240 Mbps,240,1112,4.63333333333333
35109_003,330341,2347743,BRETAGNE,ILLE ET VILAINE,35,ETRELLES,35109,4G,,3G,4G,3G,4G,0,> 240 Mbps,240,718,2.99166666666667
35115_007,337286,2379287,BRETAGNE,ILLE ET VILAINE,35,FOUGERES,35115,4G/5G,,3G,4G,3G,4G,0,> 450 Mbps,450,8482,18.8488888888889
35115_008,339590,2377900,BRETAGNE,ILLE ET VILAINE,35,FOUGERES,35115,4G/5G,,3G,4G,3G,4G,0,> 450 Mbps,450,4964,11.0311111111111
35115_009,339400,2380220,BRETAGNE,ILLE ET VILAINE,35,FOUGERES,35115,4G,,3G,4G,3G,4G,0,> 240 Mbps,240,3492,14.55
35117_001,261590,2359250,BRETAGNE,ILLE ET VILAINE,35,GAEL,35117,4G/5G,,3G,4G,3G,4G,0,> 450 Mbps,450,1260,2.8
35119_001,341295,2337770,BRETAGNE,ILLE ET VILAINE,35,GENNES SUR SEICHE,35119,4G,,3G,4G,3G,4G,0,> 240 Mbps,240,1613,6.72083333333333
35119_002,340465,2342084,BRETAGNE,ILLE ET VILAINE,35,GENNES SUR SEICHE,35119,4G,,3G,4G,3G,0,0,> 240 Mbps,240,335,1.39583333333333
35120_001,292892,2366825,BRETAGNE,ILLE ET VILAINE,35,GEVEZE,35120,4G,,3G,4G,3G,4G,0,> 240 Mbps,240,4908,20.45
35123_001,288900,2342120,BRETAGNE,ILLE ET VILAINE,35,GOVEN,35123,4G/5G,,3G,4G,3G,4G,0,> 450 Mbps,450,2000,4.44444444444444
35123_003,292266,2341422,BRETAGNE,ILLE ET VILAINE,35,GOVEN,35123,4G,,3G,4G,3G,4G,0,> 240 Mbps,240,2301,9.5875
35124_001,296267,2310670,BRETAGNE,ILLE ET VILAINE,35,GRAND FOUGERAY,35124,4G/5G,,3G,4G,3G,4G,0,> 450 Mbps,450,4015,8.92222222222222
35125_001,333869,2332129,BRETAGNE,ILLE ET VILAINE,35,GUERCHE DE BRETAGNE,35125,4G/5G,,3G,4G,3G,4G,0,> 450 Mbps,450,5081,11.2911111111111
35126_003,291685,2336969,BRETAGNE,ILLE ET VILAINE,35,GUICHEN,35126,4G,,3G,4G,3G,4G,0,> 240 Mbps,240,4689,19.5375
35127_001,285890,2329470,BRETAGNE,ILLE ET VILAINE,35,GUIPRY MESSAC,35176,4G,,3G,4G,3G,4G,0,> 240 Mbps,240,2060,8.58333333333333
35129_001,287643,2322809,BRETAGNE,ILLE ET VILAINE,35,GUIPRY MESSAC,35176,4G,,3G,4G,3G,4G,0,> 240 Mbps,240,4007,16.6958333333333
35130_001,292320,2374060,BRETAGNE,ILLE ET VILAINE,35,SAINT SYMPHORIEN,35317,4G,,3G,4G,3G,4G,0,> 240 Mbps,240,2433,10.1375
35131_002,291776,2354172,BRETAGNE,ILLE ET VILAINE,35,HERMITAGE,35131,4G/5G,,3G,4G,3G,4G,0,> 450 Mbps,450,4311,9.58
35132_001,292222,2408252,BRETAGNE,ILLE ET VILAINE,35,FRESNAIS,35116,4G/5G,,3G,4G,3G,4G,0,> 450 Mbps,450,3242,7.20444444444444
35133_002,273970,2355881,BRETAGNE,ILLE ET VILAINE,35,IFFENDIC,35133,4G/5G,,3G,4G,3G,4G,0,> 450 Mbps,450,2330,5.17777777777778
35135_001,281850,2369050,BRETAGNE,ILLE ET VILAINE,35,IRODOUER,35135,4G,,3G,4G,3G,4G,0,> 240 Mbps,240,1585,6.60416666666667
35136_002,313344,2336962,BRETAGNE,ILLE ET VILAINE,35,JANZE,35136,4G,,3G,4G,3G,4G,0,> 240 Mbps,240,5006,20.8583333333333
35137_001,336444,2374069,BRETAGNE,ILLE ET VILAINE,35,JAVENE,35137,4G,,3G,4G,3G,4G,0,> 240 Mbps,240,2638,10.9916666666667
35142_001,342568,2386845,BRETAGNE,ILLE ET VILAINE,35,LANDEAN,35142,4G,,3G,4G,3G,4G,0,> 240 Mbps,240,1316,5.48333333333333
35145_003,286300,2314635,BRETAGNE,ILLE ET VILAINE,35,LANGON,35145,4G/5G,,3G,4G,3G,4G,0,> 450 Mbps,450,1413,3.14
35147_002,292335,2393692,BRETAGNE,ILLE ET VILAINE,35,MESNIL ROC H,35308,4G/5G,,3G,4G,3G,4G,0,> 450 Mbps,450,768,1.70666666666667
35149_002,285159,2338578,BRETAGNE,ILLE ET VILAINE,35,LASSY,35149,4G/5G,,3G,4G,3G,4G,0,> 450 Mbps,450,1689,3.75333333333333
35150_001,336368,2380100,BRETAGNE,ILLE ET VILAINE,35,LECOUSSE,35150,4G/5G,,3G,4G,3G,4G,0,> 450 Mbps,450,1179,2.62
35152_004,313623,2364312,BRETAGNE,ILLE ET VILAINE,35,LIFFRE,35152,4G/5G,,3G,4G,3G,4G,0,> 450 Mbps,450,4020,8.93333333333333
35154_002,326200,2364224,BRETAGNE,ILLE ET VILAINE,35,LIVRE SUR CHANGEON,35154,4G,,3G,4G,3G,4G,0,> 240 Mbps,240,1564,6.51666666666667
35157_001,344900,2381600,BRETAGNE,ILLE ET VILAINE,35,LOROUX,35157,4G,,3G,4G,3G,4G,0,> 240 Mbps,240,1690,7.04166666666667
35161_001,325606,2346039,BRETAGNE,ILLE ET VILAINE,35,LOUVIGNE DE BAIS,35161,4G,,3G,4G,3G,0,0,> 240 Mbps,240,906,3.775
35161_002,328382,2346154,BRETAGNE,ILLE ET VILAINE,35,LOUVIGNE DE BAIS,35161,4G,,3G,4G,3G,0,0,> 240 Mbps,240,397,1.65416666666667
35162_001,343760,2393228,BRETAGNE,ILLE ET VILAINE,35,LOUVIGNE DU DESERT,35162,4G/5G,,3G,4G,3G,4G,0,> 450 Mbps,450,5378,11.9511111111111
35167_001,325641,2320572,BRETAGNE,ILLE ET VILAINE,35,MARTIGNE FERCHAUD,35167,4G/5G,,3G,4G,3G,4G,0,> 450 Mbps,450,3198,7.10666666666667
35169_001,274651,2339415,BRETAGNE,ILLE ET VILAINE,35,MAXENT,35169,4G,,3G,4G,3G,4G,0,> 240 Mbps,240,612,2.55
35172_002,292128,2390823,BRETAGNE,ILLE ET VILAINE,35,MESNIL ROC H,35308,4G/5G,,3G,4G,3G,4G,0,> 450 Mbps,450,688,1.52888888888889
35173_002,298247,2362128,BRETAGNE,ILLE ET VILAINE,35,MELESSE,35173,4G/5G,,3G,4G,3G,4G,5G,> 1 Gbps,1000,4357,4.357
35173_003,299529,2365554,BRETAGNE,ILLE ET VILAINE,35,MELESSE,35173,4G/5G,,3G,4G,3G,4G,0,> 450 Mbps,450,4685,10.4111111111111
35175_001,276914,2330721,BRETAGNE,ILLE ET VILAINE,35,MERNEL,35175,4G,,3G,4G,3G,4G,0,> 240 Mbps,240,3250,13.5416666666667
35178_001,321205,2370962,BRETAGNE,ILLE ET VILAINE,35,MEZIERES SUR COUESNON,35178,4G,,3G,4G,3G,4G,0,> 240 Mbps,240,4851,20.2125
35179_002,286089,2401411,BRETAGNE,ILLE ET VILAINE,35,MINIAC MORVAN,35179,4G/5G,,3G,4G,3G,4G,0,> 450 Mbps,450,892,1.98222222222222
35179_003,287833,2398198,BRETAGNE,ILLE ET VILAINE,35,MINIAC MORVAN,35179,4G/5G,,3G,4G,3G,4G,0,> 450 Mbps,450,1607,3.57111111111111
35184_002,272040,2363200,BRETAGNE,ILLE ET VILAINE,35,MONTAUBAN DE BRETAGNE,35184,4G,,3G,4G,3G,4G,0,> 240 Mbps,240,4110,17.125
35187_001,279395,2349949,BRETAGNE,ILLE ET VILAINE,35,MONTERFIL,35187,4G/5G,,3G,4G,3G,4G,0,> 450 Mbps,450,1862,4.13777777777778
35188_002,280300,2355980,BRETAGNE,ILLE ET VILAINE,35,MONTFORT SUR MEU,35188,4G,,3G,4G,3G,4G,0,> 240 Mbps,240,4445,18.5208333333333
35195_002,302832,2375800,BRETAGNE,ILLE ET VILAINE,35,MONTREUIL SUR ILLE,35195,4G,,3G,4G,3G,4G,0,> 240 Mbps,240,3660,15.25
35196_001,289602,2349894,BRETAGNE,ILLE ET VILAINE,35,MORDELLES,35196,4G,,3G,4G,3G,4G,0,> 240 Mbps,240,4728,19.7
35206_002,299530,2347760,BRETAGNE,ILLE ET VILAINE,35,NOYAL CHATILLON SUR SEICHE,35206,4G/5G,,3G,4G,3G,4G,0,> 450 Mbps,450,977,2.17111111111111
35207_002,312657,2352326,BRETAGNE,ILLE ET VILAINE,35,NOYAL SUR VILAINE,35207,4G/5G,,3G,4G,3G,4G,0,> 450 Mbps,450,2624,5.83111111111111
35207_003,312285,2350783,BRETAGNE,ILLE ET VILAINE,35,NOYAL SUR VILAINE,35207,4G,,3G,4G,3G,0,0,> 240 Mbps,240,186,0.775
35207_004,313883,2348402,BRETAGNE,ILLE ET VILAINE,35,NOYAL SUR VILAINE,35207,4G,,3G,4G,3G,0,0,> 240 Mbps,240,779,3.24583333333333
35209_001,316877,2347178,BRETAGNE,ILLE ET VILAINE,35,CHATEAUGIRON,35069,4G,,3G,4G,3G,0,0,> 240 Mbps,240,873,3.6375
35210_001,295108,2357817,BRETAGNE,ILLE ET VILAINE,35,PACE,35210,4G/5G,,3G,4G,3G,4G,5G,> 1 Gbps,1000,5896,5.896
35211_001,260557,2346081,BRETAGNE,ILLE ET VILAINE,35,PAIMPONT,35211,4G/5G,,3G,4G,3G,4G,0,> 450 Mbps,450,1146,2.54666666666667
35212_001,301542,2328648,BRETAGNE,ILLE ET VILAINE,35,PANCE,35212,4G/5G,,3G,4G,3G,4G,0,> 450 Mbps,450,1920,4.26666666666667
35217_001,346645,2340609,BRETAGNE,ILLE ET VILAINE,35,PERTRE,35217,0,,3G,4G,3G,0,0,> 140 Mbps,140,2324,16.6
35219_001,281234,2317926,BRETAGNE,ILLE ET VILAINE,35,PIPRIAC,35219,4G/5G,,3G,4G,3G,4G,0,> 450 Mbps,450,1472,3.27111111111111
35219_002,281183,2322108,BRETAGNE,ILLE ET VILAINE,35,PIPRIAC,35219,4G/5G,,3G,4G,3G,4G,0,> 450 Mbps,450,1970,4.37777777777778
35220_001,316575,2342650,BRETAGNE,ILLE ET VILAINE,35,PIRE CHANCE,35220,4G,,3G,4G,3G,4G,0,> 240 Mbps,240,1680,7
35221_002,294357,2328550,BRETAGNE,ILLE ET VILAINE,35,PLECHATEL,35221,4G/5G,,3G,4G,3G,4G,0,> 450 Mbps,450,1481,3.29111111111111
35222_001,312007,2399942,BRETAGNE,ILLE ET VILAINE,35,PLEINE FOUGERES,35222,4G,,3G,4G,3G,4G,0,> 240 Mbps,240,5709,23.7875
35223_001,271094,2345127,BRETAGNE,ILLE ET VILAINE,35,PLELAN LE GRAND,35223,4G/5G,,3G,4G,3G,4G,0,> 450 Mbps,450,1646,3.65777777777778
35223_002,268470,2340000,BRETAGNE,ILLE ET VILAINE,35,PLELAN LE GRAND,35223,4G/5G,,3G,4G,3G,4G,0,> 450 Mbps,450,1971,4.38
35228_003,275950,2406050,BRETAGNE,ILLE ET VILAINE,35,PLEURTUIT,35228,4G/5G,,3G,4G,3G,4G,0,> 450 Mbps,450,5085,11.3
35233_001,291780,2379220,BRETAGNE,ILLE ET VILAINE,35,QUEBRIAC,35233,4G,,3G,4G,3G,4G,0,> 240 Mbps,240,2568,10.7
35234_002,267938,2371045,BRETAGNE,ILLE ET VILAINE,35,QUEDILLAC,35234,4G/5G,,3G,4G,3G,4G,0,> 450 Mbps,450,1433,3.18444444444444
35236_001,267421,2304801,BRETAGNE,ILLE ET VILAINE,35,REDON,35236,4G,,3G,4G,3G,4G,0,> 240 Mbps,240,9272,38.6333333333333
35236_003,269197,2306062,BRETAGNE,ILLE ET VILAINE,35,REDON,35236,4G,,3G,4G,3G,4G,0,> 240 Mbps,240,2726,11.3583333333333
35236_004,271705,2411437,BRETAGNE,ILLE ET VILAINE,35,SAINT BRIAC SUR MER,35256,4G/5G,,3G,4G,3G,4G,0,> 450 Mbps,450,5534,12.2977777777778
35237_001,277643,2311348,BRETAGNE,ILLE ET VILAINE,35,RENAC,35237,4G/5G,,3G,4G,3G,4G,0,> 450 Mbps,450,3176,7.05777777777778
35238_001,300760,2350674,BRETAGNE,ILLE ET VILAINE,35,RENNES,35238,4G/5G,,3G,4G,3G,4G,5G,> 1 Gbps,1000,6864,6.864
35238_002,300862,2352938,BRETAGNE,ILLE ET VILAINE,35,RENNES,35238,4G,,3G,4G,3G,4G,0,> 240 Mbps,240,6566,27.3583333333333
35238_003,302262,2354744,BRETAGNE,ILLE ET VILAINE,35,RENNES,35238,4G,,3G,4G,3G,4G,0,> 240 Mbps,240,4548,18.95
35238_005,301538,2353078,BRETAGNE,ILLE ET VILAINE,35,RENNES,35238,4G,,3G,4G,3G,4G,0,> 240 Mbps,240,6571,27.3791666666667
35238_006,303081,2355259,BRETAGNE,ILLE ET VILAINE,35,RENNES,35238,4G/5G,,3G,4G,3G,4G,5G,> 1 Gbps,1000,7543,7.543
35238_007,302161,2351555,BRETAGNE,ILLE ET VILAINE,35,RENNES,35238,4G,,3G,4G,3G,4G,0,> 240 Mbps,240,4113,17.1375
35238_008,302880,2350604,BRETAGNE,ILLE ET VILAINE,35,RENNES,35238,4G/5G,,3G,4G,3G,4G,5G,> 1 Gbps,1000,7177,7.177
35238_009,300057,2353560,BRETAGNE,ILLE ET VILAINE,35,RENNES,35238,4G,,3G,4G,3G,4G,0,> 240 Mbps,240,4582,19.0916666666667
35238_010,300583,2356150,BRETAGNE,ILLE ET VILAINE,35,SAINT GREGOIRE,35278,4G/5G,,3G,4G,3G,4G,5G,> 1 Gbps,1000,2890,2.89
35238_011,303314,2353760,BRETAGNE,ILLE ET VILAINE,35,RENNES,35238,4G,,3G,4G,3G,4G,0,> 240 Mbps,240,3154,13.1416666666667
35238_012,298952,2352382,BRETAGNE,ILLE ET VILAINE,35,RENNES,35238,4G,,3G,4G,3G,4G,0,> 240 Mbps,240,3572,14.8833333333333
35238_013,301371,2352516,BRETAGNE,ILLE ET VILAINE,35,RENNES,35238,0,,3G,0,3G,4G,0,> 190 Mbps,190,1220,6.42105263157895
35238_015,302170,2352516,BRETAGNE,ILLE ET VILAINE,35,RENNES,35238,4G,,3G,4G,3G,4G,0,> 240 Mbps,240,7498,31.2416666666667
35238_017,299442,2353587,BRETAGNE,ILLE ET VILAINE,35,RENNES,35238,4G,,3G,4G,3G,4G,0,> 240 Mbps,240,3890,16.2083333333333
35238_018,301148,2353906,BRETAGNE,ILLE ET VILAINE,35,RENNES,35238,4G,,3G,4G,3G,4G,0,> 240 Mbps,240,2613,10.8875
35238_019,300721,2351708,BRETAGNE,ILLE ET VILAINE,35,RENNES,35238,4G,,3G,4G,3G,4G,0,> 240 Mbps,240,5360,22.3333333333333
35238_020,303799,2351809,BRETAGNE,ILLE ET VILAINE,35,RENNES,35238,4G/5G,,3G,4G,3G,4G,5G,> 1 Gbps,1000,3213,3.213
35238_021,298891,2354715,BRETAGNE,ILLE ET VILAINE,35,RENNES,35238,4G/5G,,3G,4G,3G,4G,5G,> 1 Gbps,1000,7433,7.433
35238_024,300225,2354212,BRETAGNE,ILLE ET VILAINE,35,RENNES,35238,4G,,3G,4G,3G,4G,0,> 240 Mbps,240,5463,22.7625
35238_025,301809,2354189,BRETAGNE,ILLE ET VILAINE,35,RENNES,35238,4G,,3G,4G,3G,4G,0,> 240 Mbps,240,5553,23.1375
35238_026,300825,2353690,BRETAGNE,ILLE ET VILAINE,35,RENNES,35238,4G,,3G,4G,3G,4G,0,> 240 Mbps,240,3395,14.1458333333333
35238_028,297251,2352850,BRETAGNE,ILLE ET VILAINE,35,RENNES,35238,4G/5G,,3G,4G,3G,4G,0,> 450 Mbps,450,192,0.426666666666667
35238_031,299240,2356895,BRETAGNE,ILLE ET VILAINE,35,RENNES,35238,4G,,3G,4G,3G,4G,0,> 240 Mbps,240,2897,12.0708333333333
35238_032,298057,2353750,BRETAGNE,ILLE ET VILAINE,35,RENNES,35238,4G/5G,,3G,4G,3G,4G,5G,> 1 Gbps,1000,719,0.719
35238_034,300000,2352830,BRETAGNE,ILLE ET VILAINE,35,RENNES,35238,4G,,3G,4G,3G,4G,0,> 240 Mbps,240,3166,13.1916666666667
35238_035,303105,2356701,BRETAGNE,ILLE ET VILAINE,35,RENNES,35238,4G,,3G,4G,3G,4G,0,> 240 Mbps,240,4728,19.7
35238_042,301719,2350760,BRETAGNE,ILLE ET VILAINE,35,RENNES,35238,4G/5G,,3G,4G,3G,4G,5G,> 1 Gbps,1000,4885,4.885
35238_043,304317,2351231,BRETAGNE,ILLE ET VILAINE,35,RENNES,35238,4G/5G,,3G,4G,3G,4G,5G,> 1 Gbps,1000,2767,2.767
35239_001,323560,2327750,BRETAGNE,ILLE ET VILAINE,35,RETIERS,35239,4G/5G,,3G,4G,3G,4G,0,> 450 Mbps,450,3008,6.68444444444445
35240_001,292671,2351556,BRETAGNE,ILLE ET VILAINE,35,RHEU,35240,4G/5G,,3G,4G,3G,4G,5G,> 1 Gbps,1000,2781,2.781
35243_001,331945,2379222,BRETAGNE,ILLE ET VILAINE,35,ROMAGNE,35243,4G/5G,,3G,4G,3G,4G,0,> 450 Mbps,450,2022,4.49333333333333
35245_001,287526,2365065,BRETAGNE,ILLE ET VILAINE,35,ROMILLE,35245,4G/5G,,3G,4G,3G,4G,0,> 450 Mbps,450,3250,7.22222222222222
35246_002,290480,2402314,BRETAGNE,ILLE ET VILAINE,35,ROZ LANDRIEUX,35246,4G/5G,,3G,4G,3G,4G,0,> 450 Mbps,450,2044,4.54222222222222
35247_001,308445,2404040,BRETAGNE,ILLE ET VILAINE,35,ROZ SUR COUESNON,35247,4G,,3G,4G,3G,4G,0,> 240 Mbps,240,2713,11.3041666666667
35251_001,308100,2370420,BRETAGNE,ILLE ET VILAINE,35,SAINT AUBIN D AUBIGNE,35251,4G,,3G,4G,3G,4G,0,> 240 Mbps,240,4212,17.55
35252_002,330160,2350940,BRETAGNE,ILLE ET VILAINE,35,SAINT AUBIN DES LANDES,35252,4G/5G,,3G,4G,3G,4G,0,> 450 Mbps,450,1129,2.50888888888889
35257_001,325831,2386187,BRETAGNE,ILLE ET VILAINE,35,MAEN ROCH,35257,4G,,3G,4G,3G,4G,0,> 240 Mbps,240,2356,9.81666666666667
35262_002,317930,2327771,BRETAGNE,ILLE ET VILAINE,35,SAINTE COLOMBE,35262,4G,,3G,4G,3G,4G,0,> 240 Mbps,240,810,3.375
35263_001,287760,2415990,BRETAGNE,ILLE ET VILAINE,35,SAINT COULOMB,35263,4G/5G,,3G,4G,3G,4G,0,> 450 Mbps,450,2245,4.98888888888889
35264_001,324773,2350793,BRETAGNE,ILLE ET VILAINE,35,SAINT DIDIER,35264,4G/5G,,3G,4G,3G,4G,0,> 450 Mbps,450,1917,4.26
35265_001,288391,2381855,BRETAGNE,ILLE ET VILAINE,35,SAINT DOMINEUC,35265,4G,,3G,4G,3G,4G,0,> 240 Mbps,240,2549,10.6208333333333
35266_001,300930,2343980,BRETAGNE,ILLE ET VILAINE,35,SAINT ERBLON,35266,4G,,3G,4G,3G,4G,0,> 240 Mbps,240,4073,16.9708333333333
35267_001,330380,2385825,BRETAGNE,ILLE ET VILAINE,35,MAEN ROCH,35257,4G/5G,,3G,4G,3G,4G,0,> 450 Mbps,450,1929,4.28666666666667
35271_001,334855,2396440,BRETAGNE,ILLE ET VILAINE,35,SAINT GEORGES DE REINTEMBAULT,35271,4G,,3G,4G,3G,4G,0,> 240 Mbps,240,4476,18.65
35275_001,289460,2359895,BRETAGNE,ILLE ET VILAINE,35,SAINT GILLES,35275,4G,,3G,4G,3G,4G,0,> 240 Mbps,240,3765,15.6875
35278_003,300125,2359550,BRETAGNE,ILLE ET VILAINE,35,SAINT GREGOIRE,35278,4G/5G,,3G,4G,3G,4G,0,> 450 Mbps,450,4336,9.63555555555556
35281_001,299035,2350349,BRETAGNE,ILLE ET VILAINE,35,SAINT JACQUES DE LA LANDE,35281,4G/5G,,3G,4G,3G,4G,0,> 450 Mbps,450,4189,9.30888888888889
35281_009,296830,2350285,BRETAGNE,ILLE ET VILAINE,35,SAINT JACQUES DE LA LANDE,35281,4G,,3G,4G,3G,4G,0,> 240 Mbps,240,278,1.15833333333333
35284_001,283353,2409266,BRETAGNE,ILLE ET VILAINE,35,SAINT JOUAN DES GUERETS,35284,4G/5G,,3G,4G,3G,4G,0,> 450 Mbps,450,3435,7.63333333333333
35287_002,272200,2413000,BRETAGNE,ILLE ET VILAINE,35,SAINT LUNAIRE,35287,4G,,3G,4G,3G,4G,0,> 240 Mbps,240,2539,10.5791666666667
35288_001,279882,2413295,BRETAGNE,ILLE ET VILAINE,35,SAINT MALO,35288,4G,,3G,4G,3G,4G,0,> 240 Mbps,240,1887,7.8625
35288_002,283176,2415774,BRETAGNE,ILLE ET VILAINE,35,SAINT MALO,35288,4G/5G,,3G,4G,3G,4G,0,> 450 Mbps,450,5281,11.7355555555556
35288_007,280210,2415092,BRETAGNE,ILLE ET VILAINE,35,SAINT MALO,35288,4G,,3G,4G,3G,4G,0,> 240 Mbps,240,1577,6.57083333333333
35288_008,281155,2414272,BRETAGNE,ILLE ET VILAINE,35,SAINT MALO,35288,0,,3G,0,3G,4G,0,> 190 Mbps,190,5465,28.7631578947368
35288_009,281348,2415816,BRETAGNE,ILLE ET VILAINE,35,SAINT MALO,35288,4G,,3G,4G,3G,4G,0,> 240 Mbps,240,3020,12.5833333333333
35288_010,280283,2412438,BRETAGNE,ILLE ET VILAINE,35,SAINT MALO,35288,0,,3G,4G,3G,4G,0,> 240 Mbps,240,6124,25.5166666666667
35288_012,281465,2411281,BRETAGNE,ILLE ET VILAINE,35,SAINT MALO,35288,4G,,3G,4G,3G,4G,0,> 240 Mbps,240,1908,7.95
35288_014,278516,2414500,BRETAGNE,ILLE ET VILAINE,35,SAINT MALO,35288,4G,,3G,4G,3G,4G,0,> 240 Mbps,240,2220,9.25
35288_019,279225,2412900,BRETAGNE,ILLE ET VILAINE,35,SAINT MALO,35288,4G,,3G,4G,3G,4G,0,> 240 Mbps,240,3853,16.0541666666667
35288_022,279706,2414076,BRETAGNE,ILLE ET VILAINE,35,SAINT MALO,35288,4G,,3G,4G,3G,4G,0,> 240 Mbps,240,3036,12.65
35288_025,281825,2413105,BRETAGNE,ILLE ET VILAINE,35,SAINT MALO,35288,4G/5G,,3G,4G,3G,4G,0,> 450 Mbps,450,1729,3.84222222222222
35297_001,264181,2363986,BRETAGNE,ILLE ET VILAINE,35,SAINT MEEN LE GRAND,35297,4G,,3G,4G,3G,4G,0,> 240 Mbps,240,3098,12.9083333333333
35299_001,286563,2411691,BRETAGNE,ILLE ET VILAINE,35,SAINT MELOIR DES ONDES,35299,4G,,3G,4G,3G,4G,0,> 240 Mbps,240,3914,16.3083333333333
35304_002,320534,2376747,BRETAGNE,ILLE ET VILAINE,35,SAINT OUEN DES ALLEUX,35304,4G,,3G,4G,3G,4G,0,> 240 Mbps,240,1691,7.04583333333333
35306_001,284168,2403696,BRETAGNE,ILLE ET VILAINE,35,VILLE ES NONAIS,35358,4G,,3G,4G,3G,4G,0,> 240 Mbps,240,3148,13.1166666666667
35307_001,281309,2374163,BRETAGNE,ILLE ET VILAINE,35,SAINT PERN,35307,4G/5G,,3G,4G,3G,4G,0,> 450 Mbps,450,4263,9.47333333333333
35308_001,284780,2390559,BRETAGNE,ILLE ET VILAINE,35,MESNIL ROC H,35308,4G/5G,,3G,4G,3G,4G,0,> 450 Mbps,450,1970,4.37777777777778
35312_002,291625,2332097,BRETAGNE,ILLE ET VILAINE,35,SAINT SENOUX,35312,4G/5G,,3G,4G,3G,4G,0,> 450 Mbps,450,2345,5.21111111111111
35319_002,280744,2346924,BRETAGNE,ILLE ET VILAINE,35,SAINT THURIAL,35319,4G/5G,,3G,4G,3G,4G,0,> 450 Mbps,450,1042,2.31555555555556
35323_001,329077,2390674,BRETAGNE,ILLE ET VILAINE,35,PORTES DU COGLAIS,35191,4G,,3G,4G,3G,4G,0,> 240 Mbps,240,1751,7.29583333333333
35326_001,313529,2377006,BRETAGNE,ILLE ET VILAINE,35,SENS DE BRETAGNE,35326,4G,,3G,4G,3G,4G,0,> 240 Mbps,240,2203,9.17916666666667
35327_001,317040,2354101,BRETAGNE,ILLE ET VILAINE,35,SERVON SUR VILAINE,35327,4G/5G,,3G,4G,3G,4G,0,> 450 Mbps,450,2660,5.91111111111111
35328_001,269544,2317674,BRETAGNE,ILLE ET VILAINE,35,SIXT SUR AFF,35328,0,,3G,0,3G,4G,0,> 190 Mbps,190,3338,17.5684210526316
35333_002,317395,2331848,BRETAGNE,ILLE ET VILAINE,35,THEIL DE BRETAGNE,35333,4G,,3G,4G,3G,4G,0,> 240 Mbps,240,925,3.85416666666667
35334_001,307276,2358343,BRETAGNE,ILLE ET VILAINE,35,THORIGNE FOUILLARD,35334,4G,,3G,4G,3G,4G,0,> 240 Mbps,240,6625,27.6041666666667
35335_001,313878,2324252,BRETAGNE,ILLE ET VILAINE,35,THOURIE,35335,4G,,3G,4G,3G,4G,0,> 240 Mbps,240,2438,10.1583333333333
35340_001,275692,2345919,BRETAGNE,ILLE ET VILAINE,35,TREFFENDEL,35340,4G/5G,,3G,4G,3G,4G,0,> 450 Mbps,450,907,2.01555555555556
35341_001,318249,2388004,BRETAGNE,ILLE ET VILAINE,35,VAL COUESNON,35004,4G,,3G,4G,3G,4G,0,> 240 Mbps,240,1352,5.63333333333333
35343_001,310285,2327750,BRETAGNE,ILLE ET VILAINE,35,TRESBOEUF,35343,4G/5G,,3G,4G,3G,4G,0,> 450 Mbps,450,712,1.58222222222222
35347_001,328070,2360195,BRETAGNE,ILLE ET VILAINE,35,VAL D IZE,35347,4G/5G,,3G,4G,3G,4G,0,> 450 Mbps,450,1946,4.32444444444444
35352_002,306775,2346400,BRETAGNE,ILLE ET VILAINE,35,VERN SUR SEICHE,35352,4G/5G,,3G,4G,3G,4G,0,> 450 Mbps,450,5387,11.9711111111111
35353_002,296133,2353326,BRETAGNE,ILLE ET VILAINE,35,VEZIN LE COQUET,35353,0,,3G,0,3G,4G,0,> 190 Mbps,190,616,3.24210526315789
35353_003,295500,2355273,BRETAGNE,ILLE ET VILAINE,35,VEZIN LE COQUET,35353,4G,,3G,4G,3G,4G,0,> 240 Mbps,240,2058,8.575
35355_002,315750,2380340,BRETAGNE,ILLE ET VILAINE,35,VIEUX VY SUR COUESNON,35355,4G/5G,,3G,4G,3G,4G,0,> 450 Mbps,450,1763,3.91777777777778
35356_001,297404,2369550,BRETAGNE,ILLE ET VILAINE,35,VIGNOC,35356,4G,,3G,4G,3G,4G,0,> 240 Mbps,240,1825,7.60416666666667
35360_001,335499,2353916,BRETAGNE,ILLE ET VILAINE,35,VITRE,35360,4G,,3G,4G,3G,4G,0,> 240 Mbps,240,3350,13.9583333333333
35360_002,337333,2352566,BRETAGNE,ILLE ET VILAINE,35,VITRE,35360,4G/5G,,3G,4G,3G,4G,0,> 450 Mbps,450,5164,11.4755555555556
35360_004,336450,2353250,BRETAGNE,ILLE ET VILAINE,35,VITRE,35360,4G,,3G,4G,3G,4G,0,> 240 Mbps,240,4385,18.2708333333333
35361_001,295985,2407939,BRETAGNE,ILLE ET VILAINE,35,VIVIER SUR MER,35361,4G,,3G,4G,3G,4G,0,> 240 Mbps,240,2142,8.925
35362_001,292125,2397300,BRETAGNE,ILLE ET VILAINE,35,TRONCHET,35362,4G,,3G,4G,3G,4G,0,> 240 Mbps,240,1144,4.76666666666667
35363_001,298114,2341857,BRETAGNE,ILLE ET VILAINE,35,PONT PEAN,35363,4G,,3G,4G,3G,4G,0,> 240 Mbps,240,4668,19.45
56001_001,261891.32,2302025.38,BRETAGNE,MORBIHAN,56,ALLAIRE,56001,4G/5G,,3G,4G,3G,4G,0,> 450 Mbps,450,1841,4.09111111111111
56002_001,236314,2295282,BRETAGNE,MORBIHAN,56,AMBON,56002,4G/5G,,3G,4G,3G,4G,0,> 450 Mbps,450,4236,9.41333333333333
56003_003,212333,2304476,BRETAGNE,MORBIHAN,56,ARRADON,56003,4G,,3G,4G,3G,4G,0,> 240 Mbps,240,3379,14.0791666666667
56004_001,243493.01,2292807,BRETAGNE,MORBIHAN,56,ARZAL,56004,4G,,3G,4G,3G,4G,0,> 240 Mbps,240,824,3.43333333333333
56007_002,200261.09,2310493.92,BRETAGNE,MORBIHAN,56,AURAY,56007,4G/5G,,3G,4G,3G,4G,0,> 450 Mbps,450,6873,15.2733333333333
56007_003,198883,2309930,BRETAGNE,MORBIHAN,56,AURAY,56007,4G/5G,,3G,4G,3G,4G,0,> 450 Mbps,450,1577,3.50444444444444
56007_004,201250,2310410,BRETAGNE,MORBIHAN,56,AURAY,56007,4G,,3G,4G,3G,4G,0,> 240 Mbps,240,1341,5.5875
56008_001,206319,2304564,BRETAGNE,MORBIHAN,56,BADEN,56008,4G,,3G,4G,3G,4G,0,> 240 Mbps,240,5698,23.7416666666667
56010_001,198796.32,2332849.59,BRETAGNE,MORBIHAN,56,BAUD,56010,4G/5G,,3G,4G,3G,4G,0,> 450 Mbps,450,3310,7.35555555555556
56010_003,197570,2335535,BRETAGNE,MORBIHAN,56,BAUD,56010,4G,,3G,4G,3G,4G,0,> 240 Mbps,240,2356,9.81666666666667
56013_003,189520.43,2311756.2,BRETAGNE,MORBIHAN,56,BELZ,56013,4G/5G,,3G,4G,3G,4G,0,> 450 Mbps,450,2405,5.34444444444444
56017_001,217397,2332690,BRETAGNE,MORBIHAN,56,BIGNAN,56017,4G,,3G,4G,3G,4G,0,> 240 Mbps,240,818,3.40833333333333
56021_003,184438.5,2327502.34,BRETAGNE,MORBIHAN,56,LANGUIDIC,56101,4G/5G,,3G,4G,3G,4G,0,> 450 Mbps,450,1455,3.23333333333333
56023_001,196823,2313922,BRETAGNE,MORBIHAN,56,BRECH,56023,4G/5G,,3G,4G,3G,4G,0,> 450 Mbps,450,841,1.86888888888889
56024_001,224777.11,2352828.78,BRETAGNE,MORBIHAN,56,BREHAN,56024,4G/5G,,3G,4G,3G,4G,0,> 450 Mbps,450,1342,2.98222222222222
56024_002,229137.88,2355404.35,BRETAGNE,COTES D ARMOR,22,SAINT ETIENNE DU GUE DE L ISLE,22288,4G/5G,,3G,4G,3G,4G,0,> 450 Mbps,450,300,0.666666666666667
56026_001,190131,2344472,BRETAGNE,MORBIHAN,56,BUBRY,56026,4G/5G,,3G,4G,3G,4G,0,> 450 Mbps,450,2404,5.34222222222222
56027_001,224985.73,2336966.73,BRETAGNE,MORBIHAN,56,BULEON,56027,4G/5G,,3G,4G,3G,4G,0,> 450 Mbps,450,1873,4.16222222222222
56028_001,253754.78,2302356.01,BRETAGNE,MORBIHAN,56,CADEN,56028,4G/5G,,3G,4G,3G,4G,0,> 450 Mbps,450,1373,3.05111111111111
56031_001,201151.27,2328881.9,BRETAGNE,MORBIHAN,56,CAMORS,56031,4G/5G,,3G,4G,3G,4G,0,> 450 Mbps,450,1594,3.54222222222222
56032_001,256265,2337330,BRETAGNE,MORBIHAN,56,CAMPENEAC,56032,4G,,3G,4G,3G,4G,0,> 240 Mbps,240,2001,8.3375
56033_001,266804.15,2324510.89,BRETAGNE,MORBIHAN,56,CARENTOIR,56033,4G/5G,,3G,4G,3G,4G,0,> 450 Mbps,450,823,1.82888888888889
56033_002,265200,2321390,BRETAGNE,MORBIHAN,56,CARENTOIR,56033,4G/5G,,3G,4G,3G,4G,0,> 450 Mbps,450,1697,3.77111111111111
56034_001,192483.07,2301683.69,BRETAGNE,MORBIHAN,56,CARNAC,56034,4G/5G,,3G,4G,3G,4G,0,> 450 Mbps,450,5782,12.8488888888889
56036_001,174608.28,2326842.71,BRETAGNE,MORBIHAN,56,CAUDAN,56036,4G/5G,,3G,4G,3G,4G,0,> 450 Mbps,450,2608,5.79555555555556
56037_001,244071.96,2327975.95,BRETAGNE,MORBIHAN,56,VAL D OUST,56197,4G/5G,,3G,4G,3G,4G,0,> 450 Mbps,450,2501,5.55777777777778
56040_001,174025,2333393,BRETAGNE,MORBIHAN,56,CLEGUER,56040,4G,,3G,4G,3G,4G,0,> 240 Mbps,240,1983,8.2625
56041_001,197356.94,2361806.54,BRETAGNE,MORBIHAN,56,CLEGUEREC,56041,4G/5G,,3G,4G,3G,4G,0,> 450 Mbps,450,1378,3.06222222222222
56041_002,199247.94,2358295.49,BRETAGNE,MORBIHAN,56,CLEGUEREC,56041,4G/5G,,3G,4G,3G,4G,0,> 450 Mbps,450,489,1.08666666666667
56042_001,216006.03,2325212.26,BRETAGNE,MORBIHAN,56,COLPO,56042,4G/5G,,3G,4G,3G,4G,0,> 450 Mbps,450,1323,2.94
56046_001,200250,2308000,BRETAGNE,MORBIHAN,56,CRACH,56046,4G/5G,,3G,4G,3G,4G,0,> 450 Mbps,450,2482,5.51555555555556
56046_003,199900,2305025,BRETAGNE,MORBIHAN,56,CRACH,56046,4G/5G,,3G,4G,3G,4G,0,> 450 Mbps,450,1979,4.39777777777778
56047_002,219066.1,2350139.1,BRETAGNE,MORBIHAN,56,CREDIN,56047,4G/5G,,3G,4G,3G,4G,0,> 450 Mbps,450,725,1.61111111111111
56052_001,230040,2292455,BRETAGNE,MORBIHAN,56,DAMGAN,56052,4G,,3G,4G,3G,4G,0,> 240 Mbps,240,3392,14.1333333333333
56053_002,230706,2313820,BRETAGNE,MORBIHAN,56,ELVEN,56053,4G/5G,,3G,4G,3G,4G,0,> 450 Mbps,450,3609,8.02
56054_001,186899.24,2307575.37,BRETAGNE,MORBIHAN,56,ERDEVEN,56054,4G/5G,,3G,4G,3G,4G,0,> 450 Mbps,450,2729,6.06444444444445
56057_001,165685.82,2354752.8,BRETAGNE,MORBIHAN,56,FAOUET,56057,4G/5G,,3G,4G,3G,4G,0,> 450 Mbps,450,2045,4.54444444444444
56058_001,246244.33,2285850.36,BRETAGNE,MORBIHAN,56,FEREL,56058,4G,,3G,4G,3G,4G,0,> 240 Mbps,240,9516,39.65
56063_001,166034.24,2328005.77,BRETAGNE,MORBIHAN,56,GUIDEL,56078,4G/5G,,3G,4G,3G,4G,0,> 450 Mbps,450,2658,5.90666666666667
56066_001,159520,2364690,BRETAGNE,MORBIHAN,56,GOURIN,56066,4G/5G,,3G,4G,3G,4G,0,> 450 Mbps,450,3067,6.81555555555556
56067_001,213529.68,2318736.02,BRETAGNE,MORBIHAN,56,GRAND CHAMP,56067,4G/5G,,3G,4G,3G,4G,0,> 450 Mbps,450,3758,8.35111111111111
56070_001,229942.09,2338186.45,BRETAGNE,MORBIHAN,56,GUEGON,56070,4G/5G,,3G,4G,3G,4G,0,> 450 Mbps,450,849,1.88666666666667
56074_001,205350.01,2335295,BRETAGNE,MORBIHAN,56,GUENIN,56074,4G/5G,,3G,4G,3G,4G,0,> 450 Mbps,450,1455,3.23333333333333
56075_001,267787.28,2331940.53,BRETAGNE,MORBIHAN,56,GUER,56075,4G/5G,,3G,4G,3G,4G,0,> 450 Mbps,450,2611,5.80222222222222
56075_004,266919.01,2335128,BRETAGNE,MORBIHAN,56,GUER,56075,4G/5G,,3G,4G,3G,4G,0,> 450 Mbps,450,1567,3.48222222222222
56076_003,195773.53,2351757.1,BRETAGNE,MORBIHAN,56,GUERN,56076,4G/5G,,3G,4G,3G,4G,0,> 450 Mbps,450,647,1.43777777777778
56076_005,199210,2349750,BRETAGNE,MORBIHAN,56,GUERN,56076,4G/5G,,3G,4G,3G,4G,0,> 450 Mbps,450,597,1.32666666666667
56078_001,163808.77,2325393.66,BRETAGNE,MORBIHAN,56,GUIDEL,56078,4G/5G,,3G,4G,3G,4G,0,> 450 Mbps,450,7434,16.52
56079_001,238708.17,2337869.65,BRETAGNE,MORBIHAN,56,GUILLAC,56079,4G/5G,,3G,4G,3G,4G,0,> 450 Mbps,450,2158,4.79555555555556
56080_001,245146.49,2347106.6,BRETAGNE,MORBIHAN,56,GUILLIERS,56080,4G/5G,,3G,4G,3G,4G,0,> 450 Mbps,450,2334,5.18666666666667
56081_001,153623.59,2355452.64,BRETAGNE,MORBIHAN,56,GUISCRIFF,56081,4G/5G,,3G,4G,3G,4G,0,> 450 Mbps,450,1491,3.31333333333333
56083_001,181665.77,2325779.44,BRETAGNE,MORBIHAN,56,KERVIGNAC,56094,4G/5G,,3G,4G,3G,4G,0,> 450 Mbps,450,2359,5.24222222222222
56083_002,180217,2326223,BRETAGNE,MORBIHAN,56,HENNEBONT,56083,4G,,3G,4G,3G,4G,0,> 240 Mbps,240,7282,30.3416666666667
56089_001,180751,2346778,BRETAGNE,MORBIHAN,56,INGUINIEL,56089,4G/5G,,3G,4G,3G,4G,0,> 450 Mbps,450,1451,3.22444444444444
56090_002,181190,2329360,BRETAGNE,MORBIHAN,56,INZINZAC LOCHRIST,56090,4G/5G,,3G,4G,3G,4G,0,> 450 Mbps,450,4595,10.2111111111111
56091_001,235358.16,2339106.59,BRETAGNE,MORBIHAN,56,JOSSELIN,56091,4G/5G,,3G,4G,3G,4G,0,> 450 Mbps,450,1271,2.82444444444444
56094_001,181813.8,2321991.15,BRETAGNE,MORBIHAN,56,KERVIGNAC,56094,4G/5G,,3G,4G,3G,4G,0,> 450 Mbps,450,1788,3.97333333333333
56094_002,178617.71,2321662.09,BRETAGNE,MORBIHAN,56,KERVIGNAC,56094,4G/5G,,3G,4G,3G,4G,0,> 450 Mbps,450,1332,2.96
56096_001,192306,2319764,BRETAGNE,MORBIHAN,56,LANDAUL,56096,4G,,3G,4G,3G,4G,0,> 240 Mbps,240,2936,12.2333333333333
56098_001,173454.04,2322803.93,BRETAGNE,MORBIHAN,56,LANESTER,56098,4G/5G,,3G,4G,3G,4G,5G,> 1 Gbps,1000,2725,2.725
56098_002,175004.98,2321801.05,BRETAGNE,MORBIHAN,56,LANESTER,56098,4G,,3G,4G,3G,4G,0,> 240 Mbps,240,7028,29.2833333333333
56098_007,174940,2324210,BRETAGNE,MORBIHAN,56,LANESTER,56098,4G/5G,,3G,4G,3G,4G,0,> 450 Mbps,450,2667,5.92666666666667
56100_001,166357.23,2361827.51,BRETAGNE,MORBIHAN,56,LANGONNET,56100,4G/5G,,3G,4G,3G,4G,0,> 450 Mbps,450,1449,3.22
56101_003,188310,2329890,BRETAGNE,MORBIHAN,56,LANGUIDIC,56101,4G/5G,,3G,4G,3G,4G,0,> 450 Mbps,450,3292,7.31555555555556
56102_001,234362.78,2340871.51,BRETAGNE,MORBIHAN,56,FORGES DE LANOUEE,56102,4G/5G,,3G,4G,3G,4G,0,> 450 Mbps,450,1497,3.32666666666667
56104_001,181888,2336634,BRETAGNE,MORBIHAN,56,LANVAUDAN,56104,4G,,3G,4G,3G,4G,0,> 240 Mbps,240,576,2.4
56105_001,162120.31,2350455.68,BRETAGNE,MORBIHAN,56,LANVENEGEN,56105,4G,,3G,4G,3G,4G,0,> 240 Mbps,240,795,3.3125
56107_001,170918.87,2317819.59,BRETAGNE,MORBIHAN,56,LARMOR PLAGE,56107,4G,,3G,4G,3G,4G,0,> 240 Mbps,240,7172,29.8833333333333
56111_001,248146,2301133,BRETAGNE,MORBIHAN,56,LIMERZEL,56111,4G/5G,,3G,4G,3G,4G,0,> 450 Mbps,450,870,1.93333333333333
56113_001,188068,2356199,BRETAGNE,MORBIHAN,56,LOCMALO,56113,4G/5G,,3G,4G,3G,4G,0,> 450 Mbps,450,1888,4.19555555555556
56114_002,190280,2269080,BRETAGNE,MORBIHAN,56,LOCMARIA,56114,4G,,3G,4G,3G,4G,0,> 240 Mbps,240,910,3.79166666666667
56117_001,213657.87,2332718.98,BRETAGNE,MORBIHAN,56,LOCMINE,56117,4G/5G,,3G,4G,3G,4G,0,> 450 Mbps,450,3425,7.61111111111111
56119_001,192583,2315012,BRETAGNE,MORBIHAN,56,LOCOAL MENDON,56119,4G/5G,,3G,4G,3G,4G,0,> 450 Mbps,450,898,1.99555555555556
56121_001,172418.8,2321329.46,BRETAGNE,MORBIHAN,56,LORIENT,56121,4G/5G,,3G,4G,3G,4G,5G,> 1 Gbps,1000,6218,6.218
56121_002,172269.01,2320211.04,BRETAGNE,MORBIHAN,56,LORIENT,56121,4G/5G,,3G,4G,3G,4G,5G,> 1 Gbps,1000,4132,4.132
56121_003,172972.99,2321612.02,BRETAGNE,MORBIHAN,56,LORIENT,56121,4G/5G,,3G,4G,3G,4G,0,> 450 Mbps,450,5626,12.5022222222222
56121_004,170602.02,2320517.97,BRETAGNE,MORBIHAN,56,LORIENT,56121,4G/5G,,3G,4G,3G,4G,5G,> 1 Gbps,1000,4535,4.535
56121_011,171040,2322830.95,BRETAGNE,MORBIHAN,56,LORIENT,56121,4G/5G,,3G,4G,3G,4G,5G,> 1 Gbps,1000,7358,7.358
56121_015,173423.7,2320611.75,BRETAGNE,MORBIHAN,56,LORIENT,56121,0,,3G,4G,3G,4G,0,> 240 Mbps,240,4595,19.1458333333333
56121_016,171600.02,2319869.01,BRETAGNE,MORBIHAN,56,LORIENT,56121,0,,3G,4G,3G,4G,0,> 240 Mbps,240,3712,15.4666666666667
56121_018,172816,2319386,BRETAGNE,MORBIHAN,56,LORIENT,56121,4G,,3G,4G,3G,4G,0,> 240 Mbps,240,2106,8.775
56123_001,251734,2308440,BRETAGNE,MORBIHAN,56,MALANSAC,56123,4G,,3G,4G,3G,4G,0,> 240 Mbps,240,1484,6.18333333333333
56123_002,249834,2309595,BRETAGNE,MORBIHAN,56,MALANSAC,56123,4G,,3G,4G,3G,4G,0,> 240 Mbps,240,2067,8.6125
56124_001,245709.09,2322248.84,BRETAGNE,MORBIHAN,56,MALESTROIT,56124,4G/5G,,3G,4G,3G,4G,0,> 450 Mbps,450,3061,6.80222222222222
56125_001,197705,2355790.01,BRETAGNE,MORBIHAN,56,MALGUENAC,56125,4G,,3G,4G,3G,4G,0,> 240 Mbps,240,840,3.5
56127_001,256340,2353800,BRETAGNE,MORBIHAN,56,MAURON,56127,4G,,3G,4G,3G,4G,0,> 240 Mbps,240,2136,8.9
56129_001,242610,2359900,BRETAGNE,MORBIHAN,56,MENEAC,56129,4G,,3G,4G,3G,4G,0,> 240 Mbps,240,955,3.97916666666667
56130_001,182993.02,2318160.05,BRETAGNE,MORBIHAN,56,MERLEVENEZ,56130,4G,,3G,4G,3G,4G,0,> 240 Mbps,240,1720,7.16666666666667
56131_003,169500.01,2348214.99,BRETAGNE,MORBIHAN,56,MESLAN,56131,4G/5G,,3G,4G,3G,4G,0,> 450 Mbps,450,963,2.14
56132_001,216425,2314570,BRETAGNE,MORBIHAN,56,MEUCON,56132,4G,,3G,4G,3G,4G,0,> 240 Mbps,240,2347,9.77916666666667
56137_001,223880,2316400,BRETAGNE,MORBIHAN,56,MONTERBLANC,56137,4G,,3G,4G,3G,4G,0,> 240 Mbps,240,1971,8.2125
56140_001,215771.14,2335087.45,BRETAGNE,MORBIHAN,56,MOREAC,56140,4G/5G,,3G,4G,3G,4G,0,> 450 Mbps,450,2375,5.27777777777778
56141_002,209222.42,2326451.23,BRETAGNE,MORBIHAN,56,MOUSTOIR AC,56141,4G,,3G,4G,3G,4G,0,> 240 Mbps,240,987,4.1125
56144_001,214294,2345524,BRETAGNE,MORBIHAN,56,EVELLYS,56144,4G,,3G,4G,3G,4G,0,> 240 Mbps,240,2063,8.59583333333333
56145_003,253978.04,2347587.64,BRETAGNE,MORBIHAN,56,NEANT SUR YVEL,56145,4G/5G,,3G,4G,3G,4G,0,> 450 Mbps,450,921,2.04666666666667
56146_001,204275.14,2361936.57,BRETAGNE,MORBIHAN,56,NEULLIAC,56146,4G/5G,,3G,4G,3G,4G,0,> 450 Mbps,450,1126,2.50222222222222
56147_001,250975,2290600,BRETAGNE,MORBIHAN,56,NIVILLAC,56147,4G,,3G,4G,3G,4G,0,> 240 Mbps,240,5308,22.1166666666667
56149_001,239522.06,2298629.97,BRETAGNE,MORBIHAN,56,NOYAL MUZILLAC,56149,4G/5G,,3G,4G,3G,4G,0,> 450 Mbps,450,1581,3.51333333333333
56151_003,211850,2354050,BRETAGNE,MORBIHAN,56,NOYAL PONTIVY,56151,4G/5G,,3G,4G,3G,4G,0,> 450 Mbps,450,2074,4.60888888888889
56152_003,185038,2274841,BRETAGNE,MORBIHAN,56,PALAIS,56152,4G,,3G,4G,3G,4G,0,> 240 Mbps,240,2510,10.4583333333333
56153_001,246449.34,2296657.62,BRETAGNE,MORBIHAN,56,PEAULE,56153,4G/5G,,3G,4G,3G,4G,0,> 450 Mbps,450,1667,3.70444444444444
56153_003,249560,2298390,BRETAGNE,MORBIHAN,56,PEAULE,56153,4G/5G,,3G,4G,3G,4G,0,> 450 Mbps,450,837,1.86
56155_001,237786.66,2287112.29,BRETAGNE,MORBIHAN,56,PENESTIN,56155,4G,,3G,4G,3G,4G,0,> 240 Mbps,240,3886,16.1916666666667
56157_001,223025,2322155,BRETAGNE,MORBIHAN,56,PLAUDREN,56157,4G/5G,,3G,4G,3G,4G,0,> 450 Mbps,450,984,2.18666666666667
56158_001,213431.48,2313008.91,BRETAGNE,MORBIHAN,56,PLESCOP,56158,4G/5G,,3G,4G,3G,4G,0,> 450 Mbps,450,3235,7.18888888888889
56159_001,247257.47,2317258.22,BRETAGNE,MORBIHAN,56,PLEUCADEUC,56159,4G/5G,,3G,4G,3G,4G,0,> 450 Mbps,450,1592,3.53777777777778
56160_001,226145,2343475,BRETAGNE,MORBIHAN,56,PLEUGRIFFET,56160,4G,,3G,4G,3G,4G,0,> 240 Mbps,240,1723,7.17916666666667
56161_001,195075,2308825,BRETAGNE,MORBIHAN,56,PLOEMEL,56161,4G,,3G,4G,3G,4G,0,> 240 Mbps,240,1601,6.67083333333333
56162_001,170379.01,2321236.28,BRETAGNE,MORBIHAN,56,PLOEMEUR,56162,4G,,3G,4G,3G,4G,0,> 240 Mbps,240,3419,14.2458333333333
56162_002,169687.05,2318623.53,BRETAGNE,MORBIHAN,56,PLOEMEUR,56162,4G/5G,,3G,4G,3G,4G,5G,> 1 Gbps,1000,3910,3.91
56162_003,168112.67,2319890.84,BRETAGNE,MORBIHAN,56,PLOEMEUR,56162,4G,,3G,4G,3G,4G,0,> 240 Mbps,240,4964,20.6833333333333
56163_003,181875.93,2359240.32,BRETAGNE,MORBIHAN,56,PLOERDUT,56163,4G,,3G,4G,3G,4G,0,> 240 Mbps,240,1619,6.74583333333333
56164_001,211003,2307327.82,BRETAGNE,MORBIHAN,56,PLOEREN,56164,4G/5G,,3G,4G,3G,4G,0,> 450 Mbps,450,2151,4.78
56164_002,209314.22,2308985.85,BRETAGNE,MORBIHAN,56,PLOEREN,56164,4G/5G,,3G,4G,3G,4G,0,> 450 Mbps,450,2103,4.67333333333333
56165_001,246832.76,2334778.85,BRETAGNE,MORBIHAN,56,PLOERMEL,56165,4G/5G,,3G,4G,3G,4G,0,> 450 Mbps,450,3689,8.19777777777778
56165_006,245655,2337125,BRETAGNE,MORBIHAN,56,PLOERMEL,56165,4G,,3G,4G,3G,4G,0,> 240 Mbps,240,4059,16.9125
56166_002,176913,2340408,BRETAGNE,MORBIHAN,56,PLOUAY,56166,4G/5G,,3G,4G,3G,4G,0,> 450 Mbps,450,3515,7.81111111111111
56167_001,207078.36,2309321.8,BRETAGNE,MORBIHAN,56,PLOUGOUMELEN,56167,4G/5G,,3G,4G,3G,4G,0,> 450 Mbps,450,2109,4.68666666666667
56169_001,181205.49,2315445.33,BRETAGNE,MORBIHAN,56,PLOUHINEC,56169,4G/5G,,3G,4G,3G,4G,0,> 450 Mbps,450,1908,4.24
56169_005,182867.68,2312034.71,BRETAGNE,MORBIHAN,56,PLOUHINEC,56169,4G/5G,,3G,4G,3G,4G,0,> 450 Mbps,450,3952,8.78222222222222
56172_001,227829,2327828,BRETAGNE,MORBIHAN,56,PLUMELEC,56172,4G/5G,,3G,4G,3G,4G,0,> 450 Mbps,450,2161,4.80222222222222
56173_001,203468,2342474.95,BRETAGNE,MORBIHAN,56,PLUMELIAU BIEUZY,56173,4G/5G,,3G,4G,3G,4G,0,> 450 Mbps,450,2383,5.29555555555556
56174_002,209448.4,2330624.73,BRETAGNE,MORBIHAN,56,PLUMELIN,56174,4G/5G,,3G,4G,3G,4G,0,> 450 Mbps,450,965,2.14444444444444
56175_001,206240,2317380,BRETAGNE,MORBIHAN,56,PLUMERGAT,56175,4G/5G,,3G,4G,3G,4G,0,> 450 Mbps,450,1406,3.12444444444444
56176_001,203396,2312385,BRETAGNE,MORBIHAN,56,PLUNERET,56176,4G/5G,,3G,4G,3G,4G,0,> 450 Mbps,450,2671,5.93555555555556
56176_002,202461.2,2310095.01,BRETAGNE,MORBIHAN,56,PLUNERET,56176,4G/5G,,3G,4G,3G,4G,0,> 450 Mbps,450,2057,4.57111111111111
56177_002,200460,2321750,BRETAGNE,MORBIHAN,56,PLUVIGNER,56177,4G/5G,,3G,4G,3G,4G,0,> 450 Mbps,450,4631,10.2911111111111
56178_002,204120.2,2354058.81,BRETAGNE,MORBIHAN,56,PONTIVY,56178,4G/5G,,3G,4G,3G,4G,0,> 450 Mbps,450,9748,21.6622222222222
56179_001,170701.54,2331780.7,BRETAGNE,MORBIHAN,56,PONT SCORFF,56179,4G/5G,,3G,4G,3G,4G,0,> 450 Mbps,450,2408,5.35111111111111
56180_001,261250,2334950,BRETAGNE,MORBIHAN,56,PORCARO,56180,4G,,3G,4G,3G,4G,0,> 240 Mbps,240,623,2.59583333333333
56184_001,240885.3,2306519.08,BRETAGNE,MORBIHAN,56,QUESTEMBERT,56184,4G/5G,,3G,4G,3G,4G,0,> 450 Mbps,450,4834,10.7422222222222
56185_001,169266.16,2325021.12,BRETAGNE,MORBIHAN,56,QUEVEN,56185,4G/5G,,3G,4G,3G,4G,5G,> 1 Gbps,1000,4485,4.485
56186_003,188977,2291252,BRETAGNE,MORBIHAN,56,QUIBERON,56186,4G/5G,,3G,4G,3G,4G,0,> 450 Mbps,450,1500,3.33333333333333
56186_004,189211,2290263,BRETAGNE,MORBIHAN,56,QUIBERON,56186,4G,,3G,4G,3G,4G,0,> 240 Mbps,240,5094,21.225
56193_002,175190,2316950,BRETAGNE,MORBIHAN,56,RIANTEC,56193,4G/5G,,3G,4G,3G,4G,0,> 450 Mbps,450,7184,15.9644444444444
56194_002,265192.07,2297565.16,BRETAGNE,MORBIHAN,56,RIEUX,56194,4G/5G,,3G,4G,3G,4G,0,> 450 Mbps,450,3415,7.58888888888889
56198_001,221447.01,2353322.08,BRETAGNE,MORBIHAN,56,ROHAN,56198,4G/5G,,3G,4G,3G,4G,0,> 450 Mbps,450,1462,3.24888888888889
56200_001,255629,2324349,BRETAGNE,MORBIHAN,56,RUFFIAC,56200,4G,,3G,4G,3G,4G,0,> 240 Mbps,240,2291,9.54583333333333
56205_001,220358.68,2296070.78,BRETAGNE,MORBIHAN,56,SAINT ARMEL,56205,4G/5G,,3G,4G,3G,4G,0,> 450 Mbps,450,2093,4.65111111111111
56206_001,219685.64,2309979.28,BRETAGNE,MORBIHAN,56,SAINT AVE,56206,4G/5G,,3G,4G,3G,4G,0,> 450 Mbps,450,3253,7.22888888888889
56210_002,176204.93,2353835.61,BRETAGNE,MORBIHAN,56,SAINT CARADEC TREGOMEL,56210,4G/5G,,3G,4G,3G,4G,0,> 450 Mbps,450,1786,3.96888888888889
56212_001,262615.37,2292020.28,BRETAGNE,MORBIHAN,56,SAINT DOLAY,56212,4G/5G,,3G,4G,3G,4G,0,> 450 Mbps,450,5577,12.3933333333333
56213_001,210600,2358590,BRETAGNE,MORBIHAN,56,SAINT GERAND,56213,4G,,3G,4G,3G,4G,0,> 240 Mbps,240,938,3.90833333333333
56214_002,210544.01,2292440,BRETAGNE,MORBIHAN,56,SAINT GILDAS DE RHUYS,56214,4G/5G,,3G,4G,3G,4G,0,> 450 Mbps,450,5454,12.12
56219_001,239245.02,2318835.96,BRETAGNE,MORBIHAN,56,SAINT GUYOMARD,56219,4G/5G,,3G,4G,3G,4G,0,> 450 Mbps,450,1313,2.91777777777778
56220_002,185768.39,2316989.94,BRETAGNE,MORBIHAN,56,SAINTE HELENE,56220,4G/5G,,3G,4G,3G,4G,0,> 450 Mbps,450,1592,3.53777777777778
56221_001,257380,2308120,BRETAGNE,MORBIHAN,56,SAINT JACUT LES PINS,56221,4G,,3G,4G,3G,4G,0,> 240 Mbps,240,3114,12.975
56222_001,221300.94,2327888.39,BRETAGNE,MORBIHAN,56,SAINT JEAN BREVELAY,56222,4G/5G,,3G,4G,3G,4G,0,> 450 Mbps,450,2107,4.68222222222222
56231_001,225145.01,2312012,BRETAGNE,MORBIHAN,56,SAINT NOLFF,56231,4G/5G,,3G,4G,3G,4G,0,> 450 Mbps,450,2575,5.72222222222222
56233_001,200439,2302076,BRETAGNE,MORBIHAN,56,SAINT PHILIBERT,56233,4G,,3G,4G,3G,4G,0,> 240 Mbps,240,3142,13.0916666666667
56234_003,187726.01,2293337.99,BRETAGNE,MORBIHAN,56,SAINT PIERRE QUIBERON,56234,4G,,3G,4G,3G,4G,0,> 240 Mbps,240,2426,10.1083333333333
56240_006,221781,2291792,BRETAGNE,MORBIHAN,56,SARZEAU,56240,4G,,3G,4G,3G,4G,0,> 240 Mbps,240,1823,7.59583333333333
56240_008,214620,2292625,BRETAGNE,MORBIHAN,56,SARZEAU,56240,4G,,3G,4G,3G,4G,0,> 240 Mbps,240,4295,17.8958333333333
56241_001,180861,2276259,BRETAGNE,MORBIHAN,56,SAUZON,56241,4G/5G,,3G,4G,3G,4G,0,> 450 Mbps,450,1127,2.50444444444444
56243_003,219199.57,2302419.24,BRETAGNE,MORBIHAN,56,SENE,56243,4G/5G,,3G,4G,3G,4G,0,> 450 Mbps,450,2897,6.43777777777778
56244_003,238265,2324809,BRETAGNE,MORBIHAN,56,SERENT,56244,4G,,3G,4G,3G,4G,0,> 240 Mbps,240,1411,5.87916666666667
56244_005,242653,2323425,BRETAGNE,MORBIHAN,56,SERENT,56244,4G,,3G,4G,3G,4G,0,> 240 Mbps,240,673,2.80416666666667
56246_004,202042.13,2351470.44,BRETAGNE,MORBIHAN,56,SOURN,56246,4G/5G,,3G,4G,3G,4G,0,> 450 Mbps,450,1996,4.43555555555556
56247_001,231763,2307948,BRETAGNE,MORBIHAN,56,SULNIAC,56247,4G,,3G,4G,3G,4G,0,> 240 Mbps,240,2076,8.65
56248_001,227575,2298455,BRETAGNE,MORBIHAN,56,SURZUR,56248,4G/5G,,3G,4G,3G,4G,0,> 450 Mbps,450,2807,6.23777777777778
56251_002,224121.77,2304583.66,BRETAGNE,MORBIHAN,56,THEIX NOYALO,56251,0,,3G,4G,3G,4G,0,> 240 Mbps,240,4061,16.9208333333333
56258_001,195570,2302130,BRETAGNE,MORBIHAN,56,TRINITE SUR MER,56258,4G/5G,,3G,4G,3G,4G,0,> 450 Mbps,450,1997,4.43777777777778
56258_002,196900,2301280,BRETAGNE,MORBIHAN,56,TRINITE SUR MER,56258,4G/5G,,3G,4G,3G,4G,0,> 450 Mbps,450,1875,4.16666666666667
56259_003,229875,2300515,BRETAGNE,MORBIHAN,56,TRINITE SURZUR,56259,4G/5G,,3G,4G,3G,4G,0,> 450 Mbps,450,2592,5.76
56260_002,216022.81,2307992.05,BRETAGNE,MORBIHAN,56,VANNES,56260,4G,,3G,4G,3G,4G,0,> 240 Mbps,240,7073,29.4708333333333
56260_006,221275.01,2307366.03,BRETAGNE,MORBIHAN,56,VANNES,56260,0,,3G,0,3G,0,0,> 14 Mbps,14,3344,238.857142857143
56260_007,216352.98,2306568.99,BRETAGNE,MORBIHAN,56,VANNES,56260,0,,3G,0,3G,4G,0,> 190 Mbps,190,5726,30.1368421052632
56260_008,216627.79,2308940.14,BRETAGNE,MORBIHAN,56,VANNES,56260,4G,,3G,4G,3G,4G,0,> 240 Mbps,240,6483,27.0125
56260_011,218388.56,2305907.69,BRETAGNE,MORBIHAN,56,VANNES,56260,4G/5G,,3G,4G,3G,4G,0,> 450 Mbps,450,3225,7.16666666666667
56260_016,216934.83,2305624.87,BRETAGNE,MORBIHAN,56,VANNES,56260,4G/5G,,3G,4G,3G,4G,0,> 450 Mbps,450,3631,8.06888888888889
56260_017,217517.17,2310057.45,BRETAGNE,MORBIHAN,56,VANNES,56260,4G,,3G,4G,3G,4G,0,> 240 Mbps,240,6349,26.4541666666667
56260_019,214749.08,2308861.17,BRETAGNE,MORBIHAN,56,PLOEREN,56164,4G/5G,,3G,4G,3G,4G,5G,> 1 Gbps,1000,2228,2.228
56260_026,219535.2,2308452.8,BRETAGNE,MORBIHAN,56,VANNES,56260,4G,,3G,4G,3G,4G,0,> 240 Mbps,240,5845,24.3541666666667
56261_001,233630,2311225,BRETAGNE,MORBIHAN,56,VRAIE CROIX,56261,4G,,3G,4G,3G,4G,0,> 240 Mbps,240,1517,6.32083333333333
